{
  "worldZones": {
    "bloodmagic:dungeon": {
      "dimensionID": "bloodmagic:dungeon",
      "areaZones": [],
      "id": 5,
      "playerPermissions": {},
      "groupPermissions": {}
    },
    "minecraft:overworld": {
      "dimensionID": "minecraft:overworld",
      "areaZones": [],
      "id": 2,
      "playerPermissions": {},
      "groupPermissions": {}
    },
    "minecraft:the_nether": {
      "dimensionID": "minecraft:the_nether",
      "areaZones": [],
      "id": 3,
      "playerPermissions": {},
      "groupPermissions": {}
    },
    "minecraft:the_end": {
      "dimensionID": "minecraft:the_end",
      "areaZones": [],
      "id": 4,
      "playerPermissions": {},
      "groupPermissions": {}
    }
  },
  "playerGroups": {},
  "maxZoneID": 5,
  "id": 1,
  "playerPermissions": {
    "(4c2ffda1-f370-49af-8353-fde1016f204f|Ygrad)": {}
  },
  "groupPermissions": {
    "command_bubble": {
      "fe.protection.use.*": "false",
      "fe.protection.break.*": "false",
      "fe.protection.interact.entity.*": "false",
      "fe.internal.group.priority": "45",
      "fe.protection.interact.*": "false",
      "fe.protection.place.*": "false"
    },
    "_ALL_": {
      "some.test.permission": "true"
    }
  }
}