{"stats":{"minecraft:killed":{"minecraft:cave_spider":2,"alexsmobs:raccoon":2,"minecraft:vindicator":2,"minecraft:spider":22,"minecraft:phantom":1,"minecraft:skeleton":16,"vampirism:advanced_hunter":6,"minecraft:silverfish":5,"ars_nouveau:summon_wolf":2,"artifacts:mimic":1,"minecraft:iron_golem":1,"minecraft:ravager":1,"vampirism:hunter":26,"minecraft:sheep":3,"minecraft:pillager":25,"minecraft:zombie":13,"ars_nouveau:wilden_stalker":7,"ars_nouveau:wilden_hunter":2,"iceandfire:sea_serpent":1,"minecraft:cow":1},"minecraft:mined":{"minecraft:dark_prismarine_stairs":1,"minecraft:red_carpet":1,"minecraft:spruce_planks":2,"minecraft:mossy_cobblestone":2,"minecraft:dark_oak_leaves":2,"minecraft:nether_brick_wall":1,"mysticalworld:copper_ore":2,"minecraft:spruce_trapdoor":1,"gravestone:gravestone":2,"ba_bt:land_chest":1,"minecraft:grass_block":5,"minecraft:brick_stairs":1,"minecraft:cracked_polished_blackstone_bricks":2,"minecraft:coal_block":1,"minecraft:spruce_leaves":33,"minecraft:frosted_ice":1,"minecraft:spawner":18,"minecraft:smooth_stone":5,"minecraft:furnace":1,"minecraft:barrel":2,"minecraft:iron_ore":27,"minecraft:andesite":11,"create:copper_ore":3,"minecraft:dark_oak_stairs":2,"minecraft:gold_block":5,"nefdecomod:meal_01":1,"astralsorcery:glow_flower":2,"minecraft:mossy_stone_brick_stairs":1,"minecraft:bookshelf":36,"minecraft:cobblestone_slab":1,"minecraft:oak_stairs":1,"minecraft:iron_bars":12,"minecraft:stripped_oak_log":1,"minecraft:green_carpet":16,"minecraft:stone":17,"minecraft:iron_block":1,"create:limestone":2,"minecraft:ender_chest":1,"minecraft:quartz_block":6,"quark:oak_chest":19,"supplementaries:book_pile":1,"ba_bt:bt_land_spawner":15,"minecraft:crafting_table":4,"nefdecomod:cage":1,"minecraft:lectern":1,"supplementaries:sack":1,"minecraft:cobblestone":1,"minecraft:oak_planks":2,"minecraft:wall_torch":1,"minecraft:lime_bed":1,"minecraft:redstone_torch":3,"minecraft:wheat":1,"minecraft:spruce_log":39,"minecraft:jukebox":1,"minecraft:birch_leaves":4,"minecraft:jungle_fence":1,"minecraft:smooth_stone_slab":4,"minecraft:grass":6,"minecraft:oak_log":188,"minecraft:coal_ore":64,"minecraft:loom":4,"minecraft:gravel":1,"minecraft:dirt":2,"astralsorcery:aquamarine_sand_ore":1,"minecraft:stone_bricks":8,"minecraft:mossy_stone_bricks":6,"minecraft:oak_leaves":235},"minecraft:crafted":{"minecraft:oak_planks":16,"minecraft:iron_axe":2,"minecraft:golden_axe":2,"minecraft:crafting_table":1,"minecraft:air":760},"minecraft:dropped":{"vampirism:item_garlic":1,"minecraft:iron_sword":1,"vampirism:armor_of_swiftness_feet_ultimate":1,"mysticalworld:aubergine_seeds":1,"minecraft:chainmail_helmet":1,"minecraft:coal":8,"minecraft:stick":1,"minecraft:torch":15,"gravestone:obituary":3,"minecraft:white_banner":1,"minecraft:smooth_stone":1,"minecraft:chainmail_leggings":1,"minecraft:string":1,"ars_nouveau:wilden_horn":1,"ars_nouveau:wilden_wing":2,"minecraft:bricks":1,"quark:tallow":1,"supplementaries:sack":1,"minecraft:stone_sword":1,"minecraft:smooth_stone_slab":4,"minecraft:light_gray_wool":1,"vampirism:blood_bottle":2,"minecraft:azure_bluet":1,"vampirism:armor_of_swiftness_chest_ultimate":1,"minecraft:chainmail_chestplate":1,"minecraft:leather_chestplate":1,"minecraft:shield":2,"minecraft:allium":1,"aquaculture:bluegill":2,"minecraft:golden_leggings":1,"minecraft:spider_eye":2,"minecraft:iron_bars":1,"minecraft:arrow":2,"vampirism:pure_salt_water":4},"minecraft:picked_up":{"minecraft:crafting_table":3,"minecraft:allium":1,"minecraft:azure_bluet":1,"minecraft:diamond_sword":1,"minecraft:gold_block":5,"minecraft:enchanted_book":1,"create:limestone_cobblestone":2,"gravestone:obituary":2,"vampirism:pure_salt_water":4,"minecraft:shield":2,"minecraft:string":24,"minecraft:smooth_stone_slab":8,"vampirism:obi_belt":1,"minecraft:cracked_stone_bricks":2,"minecraft:diamond_leggings":1,"aquaculture:bluegill":2,"minecraft:smooth_stone":6,"minecraft:dark_prismarine_stairs":1,"minecraft:spruce_planks":2,"minecraft:beef":1,"minecraft:redstone_torch":2,"minecraft:cobblestone_slab":1,"minecraft:light_gray_wool":1,"minecraft:iron_pickaxe":1,"minecraft:spruce_slab":1,"minecraft:lectern":1,"minecraft:coal_block":1,"minecraft:birch_sapling":4,"minecraft:spruce_trapdoor":1,"minecraft:phantom_membrane":1,"minecraft:stick":22,"supplementaries:brass_lantern":1,"minecraft:jukebox":1,"minecraft:torch":20,"minecraft:porkchop":3,"mysticalworld:silkworm_egg":3,"vampirism:holy_water_bottle_enhanced":1,"vampirism:amulet":1,"iceandfire:sea_serpent_scales_purple":3,"minecraft:diamond_chestplate":1,"minecraft:arrow":15,"vampirism:blood_bottle":3,"minecraft:rotten_flesh":14,"mysticalworld:aubergine_seeds":1,"ars_nouveau:worn_notebook":1,"minecraft:iron_block":1,"minecraft:saddle":1,"nefdecomod:meal_01":1,"minecraft:brick_stairs":1,"minecraft:obsidian":8,"minecraft:mutton":2,"minecraft:nether_brick_wall":1,"minecraft:iron_bars":10,"forbidden_arcanus:spawner_scrap":7,"minecraft:white_wool":2,"minecraft:cobblestone":19,"minecraft:oxeye_daisy":1,"minecraft:stripped_oak_log":1,"minecraft:leather_chestplate":1,"vampirism:vampire_book":1,"minecraft:lime_bed":1,"vampirism:vampire_blood_bottle":2,"mysticalworld:copper_ore":2,"minecraft:andesite":11,"minecraft:leather":6,"minecraft:golden_leggings":1,"minecraft:jungle_fence":1,"ars_nouveau:wilden_wing":3,"minecraft:oak_log":185,"minecraft:chainmail_chestplate":3,"minecraft:gunpowder":7,"astralsorcery:aquamarine":1,"minecraft:dirt":7,"minecraft:lantern":3,"minecraft:white_banner":5,"minecraft:red_carpet":2,"minecraft:bone":22,"vampirism:human_heart":6,"create:copper_ore":3,"minecraft:apple":6,"minecraft:stone_bricks":9,"minecraft:bow":1,"minecraft:wheat_seeds":1,"nefdecomod:cage":1,"alexsmobs:cockroach_wing_fragment":1,"vampirism:item_garlic":2,"minecraft:iron_ingot":4,"quark:tallow":1,"minecraft:iron_ore":27,"minecraft:mossy_stone_bricks":7,"minecraft:diamond_helmet":2,"minecraft:glowstone_dust":9,"minecraft:iron_sword":1,"minecraft:oak_planks":3,"minecraft:dark_oak_stairs":2,"minecraft:book":142,"artifacts:obsidian_skull":1,"minecraft:milk_bucket":1,"supplementaries:sack":5,"minecraft:oak_pressure_plate":1,"minecraft:spruce_sapling":2,"guardscraft:crown":8,"minecraft:spruce_log":37,"minecraft:loom":4,"minecraft:barrel":2,"quark:oak_chest":19,"minecraft:green_carpet":14,"minecraft:spider_eye":8,"ars_nouveau:wilden_horn":1,"minecraft:mossy_cobblestone":1,"waystones:waystone":1,"minecraft:chainmail_leggings":1,"minecraft:cracked_polished_blackstone_bricks":2,"minecraft:crossbow":1,"minecraft:bread":2,"minecraft:white_concrete":1,"minecraft:mossy_cobblestone_stairs":1,"minecraft:emerald":2,"minecraft:chainmail_helmet":1,"alexsmobs:maggot":2,"minecraft:oak_sapling":45,"minecraft:coal":64},"minecraft:custom":{"minecraft:mob_kills":156,"minecraft:interact_with_crafting_table":23,"minecraft:open_barrel":86,"minecraft:bell_ring":11,"minecraft:leave_game":5,"minecraft:time_since_death":87989,"minecraft:climb_one_cm":25998,"minecraft:sprint_one_cm":983718,"minecraft:walk_one_cm":834913,"minecraft:damage_blocked_by_shield":4667,"minecraft:drop":45,"minecraft:talked_to_villager":13,"minecraft:raid_win":1,"minecraft:deaths":2,"minecraft:sneak_time":10929,"minecraft:walk_under_water_one_cm":7755,"minecraft:jump":5513,"minecraft:walk_on_water_one_cm":20587,"minecraft:interact_with_furnace":2,"minecraft:play_one_minute":337876,"minecraft:interact_with_loom":1,"minecraft:raid_trigger":1,"minecraft:sleep_in_bed":2,"minecraft:time_since_rest":88019,"minecraft:waystone_activated":7,"minecraft:open_enderchest":1,"minecraft:damage_taken":94035,"minecraft:damage_dealt":34087,"minecraft:swim_one_cm":63921,"minecraft:fly_one_cm":1373389,"minecraft:open_chest":139,"minecraft:crouch_one_cm":23097,"minecraft:fall_one_cm":147895,"minecraft:horse_one_cm":3015},"minecraft:killed_by":{"minecraft:pillager":2},"minecraft:broken":{"minecraft:iron_boots":1,"minecraft:shield":1,"minecraft:chainmail_chestplate":1,"minecraft:golden_axe":4,"minecraft:iron_axe":2,"minecraft:iron_helmet":1},"minecraft:used":{"minecraft:oak_trapdoor":16,"minecraft:iron_bars":1,"minecraft:stone_sword":101,"quark:deepslate_tiles_wall":17,"minecraft:spruce_slab":62,"vampirism:heart_striker_enhanced":11,"minecraft:chest":2,"minecraft:spruce_planks":77,"minecraft:shield":157,"minecraft:iron_sword":62,"minecraft:stone":47,"minecraft:wooden_shovel":93,"minecraft:torch":29,"minecraft:dirt":7,"minecraft:spruce_stairs":104,"minecraft:spruce_fence":254,"minecraft:stripped_spruce_log":137,"minecraft:milk_bucket":2,"alexsmobs:maggot":2,"minecraft:bricks":2,"minecraft:lantern":6,"minecraft:iron_axe":593,"minecraft:grass_block":13,"minecraft:brick_stairs":1,"minecraft:barrel":68,"minecraft:stone_bricks":64,"minecraft:red_carpet":1,"minecraft:bow":8,"mysticalworld:silkworm_egg":1,"minecraft:golden_axe":129,"minecraft:dark_prismarine_stairs":1,"minecraft:water_bucket":6,"minecraft:mossy_stone_bricks":6,"supplementaries:sack":13,"minecraft:spruce_door":2,"minecraft:stone_pickaxe":214,"minecraft:oak_planks":8,"minecraft:ender_pearl":3,"vampirism:human_heart":4,"minecraft:spruce_sign":25,"minecraft:cobblestone_slab":1,"minecraft:spruce_fence_gate":7,"minecraft:crafting_table":5,"quark:deepslate_tiles":262,"nefdecomod:meal_01":1,"minecraft:crossbow":1,"minecraft:spruce_log":32,"minecraft:redstone_torch":2,"minecraft:oak_log":7,"waystones:waystone":2,"minecraft:apple":1,"minecraft:cracked_polished_blackstone_bricks":2,"minecraft:melon_slice":5,"minecraft:iron_pickaxe":21,"minecraft:spruce_trapdoor":24,"minecraft:diamond_sword":213,"minecraft:coal_block":1,"minecraft:cobblestone":1,"minecraft:porkchop":1,"minecraft:cooked_porkchop":1,"minecraft:cooked_rabbit":1,"minecraft:bucket":7,"quark:oak_chest":98,"vampirism:med_chair":1,"minecraft:white_concrete":124,"minecraft:smooth_stone":4}},"DataVersion":2586}