{"stats":{"minecraft:picked_up":{"minecraft:iron_chestplate":1,"minecraft:diamond_sword":1,"minecraft:oak_stairs":3,"minecraft:enchanted_book":1,"create:limestone_cobblestone":2,"minecraft:brewing_stand":1,"vampirism:pure_salt_water":7,"minecraft:string":30,"minecraft:smooth_stone_slab":8,"vampirism:obi_belt":1,"minecraft:diamond_leggings":1,"minecraft:smooth_stone":6,"minecraft:spruce_planks":4,"minecraft:redstone_torch":2,"minecraft:cobblestone_slab":1,"minecraft:iron_pickaxe":1,"minecraft:coal_block":1,"minecraft:stick":25,"minecraft:jukebox":1,"supplementaries:brass_lantern":1,"minecraft:torch":20,"mysticalworld:silkworm_egg":3,"minecraft:porkchop":4,"vampirism:holy_water_bottle_enhanced":4,"vampirism:amulet":2,"vampirism:blood_bottle":5,"minecraft:rotten_flesh":15,"ars_nouveau:worn_notebook":1,"iceandfire:fire_dragon_heart":1,"minecraft:iron_block":1,"minecraft:obsidian":8,"minecraft:iron_bars":10,"minecraft:cobblestone":88,"minecraft:enchanting_table":3,"vampirism:vampire_book":2,"minecraft:leather_chestplate":1,"minecraft:andesite":12,"minecraft:brown_wool":2,"minecraft:golden_leggings":1,"minecraft:flint":1,"minecraft:dirt":30,"iceandfire:dragonscales_bronze":16,"minecraft:lantern":3,"minecraft:bone":26,"create:copper_ore":3,"minecraft:bow":2,"minecraft:wheat_seeds":10,"vampirism:item_garlic":5,"minecraft:mossy_stone_bricks":10,"minecraft:diamond_helmet":2,"minecraft:glowstone_dust":10,"minecraft:oak_planks":3,"vampirism:ring":3,"minecraft:oak_pressure_plate":1,"iceandfire:dragon_skull_fire":1,"iceandfire:shiny_scales":3,"minecraft:sand":34,"guardscraft:crown":11,"minecraft:ink_sac":1,"minecraft:loom":4,"minecraft:dark_oak_log":7,"ars_nouveau:wilden_horn":1,"minecraft:barrel":8,"minecraft:mossy_cobblestone":1,"minecraft:polished_andesite":4,"minecraft:diamond":2,"waystones:waystone":4,"minecraft:cracked_polished_blackstone_bricks":2,"minecraft:crossbow":1,"minecraft:white_concrete":1,"minecraft:bread":2,"minecraft:emerald":2,"minecraft:chainmail_helmet":1,"alexsmobs:maggot":2,"minecraft:oak_sapling":48,"minecraft:netherrack":37,"minecraft:crafting_table":3,"minecraft:allium":1,"minecraft:azure_bluet":1,"forbidden_arcanus:cherrywood_log":1,"nefdecomod:oak_barrel":1,"minecraft:turtle_helmet":1,"minecraft:gold_block":6,"gravestone:obituary":3,"minecraft:shield":3,"supplementaries:globe":1,"minecraft:cracked_stone_bricks":5,"aquaculture:bluegill":2,"minecraft:dark_prismarine_stairs":1,"minecraft:beef":3,"minecraft:poppy":6,"minecraft:spruce_slab":1,"minecraft:light_gray_wool":5,"minecraft:lectern":1,"minecraft:birch_sapling":4,"minecraft:spruce_trapdoor":1,"minecraft:phantom_membrane":1,"minecraft:sandstone":2,"iceandfire:dragonbone":6,"iceandfire:chared_grass":2,"aquaculture:perch":1,"ars_nouveau:purple_archwood_sapling":1,"minecraft:prismarine_crystals":2,"minecraft:diamond_chestplate":1,"minecraft:arrow":22,"iceandfire:sea_serpent_scales_purple":3,"minecraft:peony":1,"mysticalworld:aubergine_seeds":13,"minecraft:saddle":1,"nefdecomod:meal_01":1,"minecraft:brick_stairs":1,"minecraft:mutton":123,"minecraft:nether_brick_wall":1,"forbidden_arcanus:spawner_scrap":9,"minecraft:white_wool":70,"minecraft:oxeye_daisy":1,"minecraft:stripped_oak_log":1,"minecraft:lime_bed":1,"vampirism:vampire_blood_bottle":4,"mysticalworld:copper_ore":2,"iceandfire:sea_serpent_fang":12,"minecraft:tripwire_hook":1,"minecraft:leather":8,"minecraft:jungle_fence":1,"ars_nouveau:wilden_wing":5,"minecraft:oak_log":186,"minecraft:chainmail_chestplate":3,"schoolsofmagic:letter_ccw":1,"astralsorcery:aquamarine":1,"minecraft:gunpowder":7,"nefdecomod:oak_table":1,"minecraft:paper":2,"minecraft:white_banner":5,"minecraft:red_carpet":2,"vampirism:human_heart":35,"minecraft:apple":6,"minecraft:stone_bricks":10,"nefdecomod:cage":1,"alexsmobs:cockroach_wing_fragment":1,"minecraft:iron_ingot":19,"quark:tallow":3,"minecraft:iron_ore":27,"artifacts:kitty_slippers":1,"minecraft:iron_sword":1,"iceandfire:fire_dragon_flesh":2,"minecraft:dark_oak_stairs":2,"minecraft:book":142,"minecraft:scaffolding":111,"artifacts:obsidian_skull":2,"minecraft:milk_bucket":1,"supplementaries:sack":10,"minecraft:chiseled_stone_bricks":1,"iceandfire:ash":3,"minecraft:gravel":10,"minecraft:spruce_sapling":2,"minecraft:spruce_log":44,"minecraft:spruce_door":1,"quark:oak_chest":19,"minecraft:green_carpet":14,"minecraft:spider_eye":10,"minecraft:chainmail_leggings":1,"minecraft:iron_helmet":1,"iceandfire:sea_serpent_scales_red":12,"minecraft:mossy_cobblestone_stairs":1,"minecraft:gray_wool":12,"minecraft:black_wool":1,"iceandfire:chared_gravel":1,"minecraft:coal":64},"minecraft:mined":{"minecraft:dark_prismarine_stairs":1,"minecraft:spruce_planks":4,"mysticalworld:copper_ore":2,"minecraft:brewing_stand":1,"minecraft:spruce_trapdoor":1,"minecraft:grass_block":19,"minecraft:cracked_polished_blackstone_bricks":2,"minecraft:coal_block":1,"forbidden_arcanus:cherrywood_log":1,"minecraft:frosted_ice":1,"minecraft:chiseled_stone_bricks":4,"minecraft:spawner":20,"minecraft:smooth_stone":5,"minecraft:tall_seagrass":1,"minecraft:mossy_cobblestone_slab":1,"minecraft:iron_ore":27,"minecraft:barrel":8,"create:copper_ore":3,"supplementaries:globe":1,"nefdecomod:barrel_apples":1,"minecraft:dark_oak_stairs":2,"minecraft:enchanting_table":3,"nefdecomod:meal_01":1,"minecraft:oak_stairs":1,"minecraft:iron_bars":12,"minecraft:green_carpet":16,"minecraft:iron_block":1,"create:limestone":2,"minecraft:brown_mushroom":1,"minecraft:quartz_block":6,"supplementaries:book_pile":1,"minecraft:cobblestone":7,"minecraft:oak_planks":2,"minecraft:wall_torch":1,"minecraft:seagrass":1,"minecraft:wheat":1,"minecraft:jukebox":1,"minecraft:smooth_stone_slab":4,"minecraft:grass":24,"minecraft:oak_log":188,"minecraft:loom":4,"minecraft:sand":38,"minecraft:dirt":19,"minecraft:tripwire_hook":1,"minecraft:netherrack":40,"minecraft:oak_leaves":236,"minecraft:diamond_ore":2,"minecraft:red_carpet":1,"minecraft:mossy_cobblestone":2,"minecraft:dark_oak_leaves":2,"minecraft:nether_brick_wall":1,"nefdecomod:oak_table":1,"gravestone:gravestone":6,"ba_bt:land_chest":1,"minecraft:brick_stairs":1,"minecraft:spruce_leaves":33,"minecraft:sandstone":2,"minecraft:large_fern":1,"minecraft:furnace":1,"minecraft:andesite":11,"minecraft:peony":1,"minecraft:gold_block":6,"astralsorcery:glow_flower":2,"minecraft:mossy_stone_brick_stairs":1,"minecraft:bookshelf":36,"minecraft:cobblestone_slab":1,"minecraft:vine":1,"minecraft:stripped_oak_log":1,"minecraft:stone":80,"minecraft:ender_chest":1,"minecraft:scaffolding":1,"quark:oak_chest":19,"ba_bt:bt_land_spawner":15,"minecraft:spruce_door":1,"minecraft:crafting_table":4,"nefdecomod:cage":1,"minecraft:lectern":1,"supplementaries:sack":6,"minecraft:tall_grass":3,"minecraft:lime_bed":1,"minecraft:coarse_dirt":8,"minecraft:redstone_torch":3,"minecraft:spruce_log":46,"minecraft:birch_leaves":4,"minecraft:jungle_fence":1,"minecraft:grass_path":3,"minecraft:coal_ore":64,"minecraft:gravel":12,"minecraft:cracked_stone_bricks":3,"astralsorcery:aquamarine_sand_ore":1,"minecraft:polished_andesite":4,"minecraft:stone_bricks":13,"minecraft:mossy_stone_bricks":9,"minecraft:fern":1},"minecraft:used":{"minecraft:peony":1,"minecraft:iron_shovel":68,"quark:deepslate_tiles_wall":17,"minecraft:spruce_slab":62,"minecraft:poppy":1,"vampirism:heart_striker_enhanced":11,"minecraft:chest":2,"minecraft:shield":323,"minecraft:stone":47,"minecraft:iron_sword":225,"minecraft:rotten_flesh":1,"supplementaries:globe":2,"minecraft:mutton":1,"nefdecomod:oak_barrel":1,"minecraft:stripped_spruce_log":137,"minecraft:milk_bucket":2,"minecraft:lava_bucket":4,"minecraft:bricks":2,"minecraft:lantern":6,"minecraft:grass_block":13,"minecraft:stone_bricks":65,"minecraft:red_carpet":1,"minecraft:bow":71,"minecraft:scaffolding":21,"mysticalworld:silkworm_egg":1,"minecraft:dark_prismarine_stairs":1,"minecraft:mossy_stone_bricks":6,"minecraft:spruce_door":2,"minecraft:stone_pickaxe":262,"minecraft:oak_planks":8,"minecraft:ender_pearl":4,"vampirism:human_heart":22,"minecraft:white_wool":82,"minecraft:sand":10,"quark:deepslate_tiles":262,"minecraft:crossbow":73,"minecraft:redstone_torch":2,"waystones:waystone":3,"minecraft:dark_oak_log":6,"minecraft:melon_slice":5,"minecraft:bread":1,"minecraft:brown_wool":1,"minecraft:diamond_sword":851,"minecraft:coal_block":1,"minecraft:cooked_rabbit":2,"vampirism:med_chair":1,"minecraft:white_concrete":124,"aquaculture:perch":1,"minecraft:oak_trapdoor":16,"minecraft:iron_bars":1,"minecraft:stone_sword":101,"minecraft:enchanting_table":4,"minecraft:spruce_planks":79,"minecraft:wooden_shovel":93,"minecraft:netherrack":37,"minecraft:torch":29,"minecraft:dirt":24,"minecraft:anvil":2,"minecraft:spruce_stairs":104,"minecraft:spruce_fence":254,"alexsmobs:maggot":2,"minecraft:iron_axe":698,"minecraft:brick_stairs":1,"minecraft:barrel":70,"minecraft:light_gray_wool":2,"minecraft:beef":1,"minecraft:golden_axe":129,"minecraft:water_bucket":42,"supplementaries:sack":19,"iceandfire:fire_dragon_flesh":1,"minecraft:spruce_sign":25,"minecraft:spruce_fence_gate":7,"minecraft:cobblestone_slab":1,"minecraft:cracked_stone_bricks":2,"minecraft:crafting_table":6,"nefdecomod:meal_01":1,"minecraft:spruce_log":39,"minecraft:oak_log":7,"minecraft:apple":1,"minecraft:cracked_polished_blackstone_bricks":2,"minecraft:iron_pickaxe":122,"minecraft:spruce_trapdoor":24,"spartanshields:shield_basic_iron":28,"minecraft:chiseled_stone_bricks":1,"minecraft:cobblestone":63,"minecraft:porkchop":2,"minecraft:cooked_porkchop":1,"iceandfire:chared_grass":2,"minecraft:bucket":48,"quark:oak_chest":98,"minecraft:smooth_stone":4},"minecraft:broken":{"minecraft:iron_boots":2,"minecraft:diamond_boots":1,"minecraft:chainmail_chestplate":1,"minecraft:shield":3,"minecraft:golden_axe":4,"minecraft:iron_axe":2,"minecraft:iron_helmet":1},"minecraft:crafted":{"minecraft:oak_planks":16,"minecraft:golden_axe":2,"minecraft:crafting_table":2,"iceandfire:armor_bronze_helmet":1,"iceandfire:tide_red_boots":1,"minecraft:iron_axe":2,"iceandfire:armor_bronze_chestplate":1,"minecraft:diamond_sword":1,"forbidden_arcanus:cherrywood_planks":4,"iceandfire:tide_trident":1,"minecraft:air":764},"minecraft:dropped":{"minecraft:iron_sword":1,"vampirism:human_heart":1,"gravestone:obituary":8,"ars_nouveau:wilden_horn":1,"quark:tallow":1,"vampirism:blood_bottle":2,"minecraft:azure_bluet":1,"minecraft:chainmail_chestplate":1,"minecraft:poppy":1,"minecraft:leather_chestplate":1,"aquaculture:bluegill":2,"minecraft:iron_bars":1,"minecraft:arrow":2,"vampirism:pure_salt_water":5,"vampirism:item_garlic":1,"vampirism:armor_of_swiftness_feet_ultimate":1,"minecraft:wheat_seeds":3,"mysticalworld:aubergine_seeds":2,"minecraft:spruce_door":1,"minecraft:chainmail_helmet":1,"minecraft:coal":8,"minecraft:stick":2,"minecraft:gray_wool":4,"minecraft:torch":15,"minecraft:brown_wool":1,"minecraft:white_banner":1,"minecraft:smooth_stone":1,"minecraft:chainmail_leggings":1,"minecraft:paper":2,"minecraft:string":1,"ars_nouveau:wilden_wing":3,"minecraft:bricks":1,"supplementaries:sack":1,"minecraft:stone_sword":1,"minecraft:smooth_stone_slab":4,"minecraft:light_gray_wool":1,"vampirism:armor_of_swiftness_chest_ultimate":1,"minecraft:shield":2,"minecraft:allium":1,"minecraft:iron_chestplate":1,"minecraft:mossy_stone_bricks":3,"minecraft:golden_leggings":1,"minecraft:spider_eye":2},"minecraft:killed_by":{"minecraft:pillager":2,"vampirism:hunter":1,"iceandfire:fire_dragon":2,"vampirism:advanced_hunter":1},"minecraft:custom":{"minecraft:interact_with_crafting_table":35,"minecraft:open_barrel":147,"minecraft:bell_ring":11,"minecraft:eat_cake_slice":3,"minecraft:leave_game":10,"minecraft:time_since_death":62831,"minecraft:sprint_one_cm":1923626,"minecraft:damage_blocked_by_shield":9871,"minecraft:drop":68,"minecraft:talked_to_villager":23,"minecraft:deaths":6,"minecraft:jump":12112,"minecraft:walk_on_water_one_cm":61510,"minecraft:interact_with_furnace":3,"minecraft:play_one_minute":712757,"minecraft:interact_with_loom":1,"minecraft:sleep_in_bed":2,"minecraft:waystone_activated":15,"minecraft:open_enderchest":1,"minecraft:damage_dealt":93829,"minecraft:player_kills":1,"minecraft:crouch_one_cm":36661,"minecraft:horse_one_cm":3015,"minecraft:mob_kills":416,"minecraft:interact_with_anvil":8,"minecraft:climb_one_cm":39320,"minecraft:walk_one_cm":1506072,"vampirism:capture_village":2,"minecraft:raid_win":1,"minecraft:sneak_time":17638,"minecraft:walk_under_water_one_cm":46698,"vampirism:win_village_capture":4,"minecraft:raid_trigger":1,"minecraft:time_since_rest":65600,"minecraft:damage_taken":278180,"minecraft:trigger_trapped_chest":1,"minecraft:swim_one_cm":183169,"minecraft:fly_one_cm":2905542,"minecraft:open_chest":508,"vampirism:defend_village":2,"minecraft:fall_one_cm":312012},"minecraft:killed":{"minecraft:cave_spider":2,"minecraft:witch":1,"vampirism:advanced_vampire":2,"minecraft:spider":31,"minecraft:skeleton":17,"vampirism:task_master_hunter":2,"minecraft:silverfish":5,"vampirism:advanced_hunter":17,"artifacts:mimic":1,"alexsmobs:grizzly_bear":1,"minecraft:iron_golem":5,"vampirism:hunter":101,"minecraft:sheep":102,"minecraft:pillager":26,"minecraft:zombie":15,"minecraft:stray":2,"iceandfire:sea_serpent":2,"minecraft:cow":1,"alexsmobs:raccoon":4,"minecraft:vindicator":2,"minecraft:phantom":2,"iceandfire:fire_dragon":1,"iceandfire:siren":1,"ars_nouveau:summon_wolf":3,"vampirism:villager_angry":8,"minecraft:ravager":1,"ars_nouveau:wilden_stalker":15,"ars_nouveau:wilden_hunter":3,"minecraft:villager":13}},"DataVersion":2586}