{"stats":{"minecraft:killed":{"minecraft:cave_spider":2,"alexsmobs:raccoon":1,"minecraft:spider":9,"minecraft:phantom":1,"minecraft:skeleton":16,"minecraft:silverfish":5,"ars_nouveau:summon_wolf":2,"artifacts:mimic":1,"minecraft:iron_golem":1,"vampirism:hunter":8,"minecraft:sheep":3,"minecraft:pillager":3,"minecraft:zombie":11,"ars_nouveau:wilden_stalker":6,"ars_nouveau:wilden_hunter":2,"minecraft:cow":1},"minecraft:mined":{"minecraft:dark_prismarine_stairs":1,"minecraft:spruce_planks":2,"minecraft:mossy_cobblestone":2,"minecraft:dark_oak_leaves":2,"minecraft:nether_brick_wall":1,"mysticalworld:copper_ore":2,"minecraft:spruce_trapdoor":1,"minecraft:grass_block":2,"minecraft:spawner":18,"minecraft:furnace":1,"minecraft:iron_ore":27,"minecraft:andesite":11,"create:copper_ore":3,"minecraft:dark_oak_stairs":2,"nefdecomod:meal_01":1,"minecraft:mossy_stone_brick_stairs":1,"minecraft:bookshelf":4,"minecraft:iron_bars":7,"minecraft:stone":10,"minecraft:iron_block":1,"create:limestone":2,"minecraft:ender_chest":1,"minecraft:quartz_block":6,"supplementaries:book_pile":1,"minecraft:crafting_table":2,"nefdecomod:cage":1,"supplementaries:sack":1,"minecraft:wall_torch":1,"minecraft:lime_bed":1,"minecraft:grass":1,"minecraft:oak_log":20,"minecraft:coal_ore":64,"minecraft:gravel":1,"minecraft:dirt":2,"astralsorcery:aquamarine_sand_ore":1,"minecraft:stone_bricks":3,"minecraft:mossy_stone_bricks":4,"minecraft:oak_leaves":20},"minecraft:dropped":{"vampirism:armor_of_swiftness_feet_ultimate":1,"minecraft:chainmail_helmet":1,"minecraft:coal":8,"minecraft:torch":15,"minecraft:chainmail_leggings":1,"minecraft:string":1,"ars_nouveau:wilden_horn":1,"ars_nouveau:wilden_wing":2,"supplementaries:sack":1,"minecraft:stone_sword":1,"minecraft:light_gray_wool":1,"vampirism:blood_bottle":1,"vampirism:armor_of_swiftness_chest_ultimate":1,"minecraft:chainmail_chestplate":1,"minecraft:leather_chestplate":1,"minecraft:shield":2,"aquaculture:bluegill":2,"minecraft:golden_leggings":1,"minecraft:spider_eye":2,"minecraft:iron_bars":1},"minecraft:crafted":{"minecraft:oak_planks":4,"minecraft:air":47},"minecraft:picked_up":{"minecraft:crafting_table":1,"minecraft:enchanted_book":1,"create:limestone_cobblestone":2,"gravestone:obituary":1,"minecraft:shield":2,"minecraft:string":7,"minecraft:cracked_stone_bricks":2,"aquaculture:bluegill":2,"minecraft:spruce_planks":2,"minecraft:dark_prismarine_stairs":1,"minecraft:beef":1,"minecraft:spruce_slab":1,"minecraft:iron_pickaxe":1,"minecraft:light_gray_wool":1,"minecraft:birch_sapling":4,"minecraft:phantom_membrane":1,"minecraft:spruce_trapdoor":1,"minecraft:stick":3,"supplementaries:brass_lantern":1,"minecraft:torch":20,"minecraft:porkchop":3,"mysticalworld:silkworm_egg":2,"vampirism:blood_bottle":2,"minecraft:arrow":10,"minecraft:rotten_flesh":11,"ars_nouveau:worn_notebook":1,"minecraft:iron_block":1,"nefdecomod:meal_01":1,"minecraft:iron_bars":5,"minecraft:nether_brick_wall":1,"minecraft:mutton":2,"minecraft:obsidian":8,"forbidden_arcanus:spawner_scrap":7,"minecraft:white_wool":2,"minecraft:cobblestone":10,"minecraft:oxeye_daisy":1,"minecraft:lime_bed":1,"vampirism:vampire_blood_bottle":1,"mysticalworld:copper_ore":2,"minecraft:andesite":11,"minecraft:leather":3,"minecraft:golden_leggings":1,"ars_nouveau:wilden_wing":3,"minecraft:oak_log":20,"minecraft:chainmail_chestplate":3,"astralsorcery:aquamarine":1,"minecraft:dirt":4,"minecraft:lantern":2,"minecraft:white_banner":1,"minecraft:bone":14,"vampirism:human_heart":1,"create:copper_ore":3,"minecraft:apple":1,"minecraft:stone_bricks":4,"minecraft:bow":1,"nefdecomod:cage":1,"alexsmobs:cockroach_wing_fragment":1,"minecraft:iron_ingot":4,"quark:tallow":1,"minecraft:iron_ore":27,"minecraft:mossy_stone_bricks":5,"minecraft:dark_oak_stairs":2,"minecraft:book":12,"artifacts:obsidian_skull":1,"supplementaries:sack":5,"guardscraft:crown":5,"ars_nouveau:wilden_horn":1,"minecraft:spider_eye":2,"minecraft:mossy_cobblestone":1,"waystones:waystone":1,"minecraft:chainmail_leggings":1,"minecraft:mossy_cobblestone_stairs":1,"minecraft:white_concrete":1,"minecraft:chainmail_helmet":1,"minecraft:oak_sapling":12,"minecraft:coal":61},"minecraft:custom":{"minecraft:mob_kills":76,"minecraft:interact_with_crafting_table":4,"minecraft:open_barrel":82,"minecraft:bell_ring":6,"minecraft:leave_game":1,"minecraft:time_since_death":208468,"minecraft:climb_one_cm":23666,"minecraft:sprint_one_cm":442293,"minecraft:walk_one_cm":478436,"minecraft:damage_blocked_by_shield":1792,"minecraft:drop":24,"minecraft:talked_to_villager":9,"minecraft:sneak_time":6025,"minecraft:walk_under_water_one_cm":2637,"minecraft:jump":2363,"minecraft:walk_on_water_one_cm":12406,"minecraft:interact_with_furnace":2,"minecraft:play_one_minute":208468,"minecraft:sleep_in_bed":2,"minecraft:time_since_rest":1429,"minecraft:waystone_activated":4,"minecraft:open_enderchest":1,"minecraft:damage_taken":2499,"minecraft:damage_dealt":13544,"minecraft:swim_one_cm":28407,"minecraft:fly_one_cm":648674,"minecraft:open_chest":69,"minecraft:crouch_one_cm":12297,"minecraft:fall_one_cm":53915},"minecraft:broken":{"minecraft:iron_axe":1},"minecraft:used":{"minecraft:oak_trapdoor":16,"minecraft:stone_sword":101,"quark:deepslate_tiles_wall":17,"minecraft:spruce_slab":62,"minecraft:chest":2,"minecraft:spruce_planks":77,"minecraft:shield":74,"minecraft:iron_sword":2,"minecraft:stone":47,"minecraft:wooden_shovel":93,"minecraft:torch":29,"minecraft:dirt":5,"minecraft:spruce_stairs":104,"minecraft:spruce_fence":254,"minecraft:stripped_spruce_log":137,"minecraft:milk_bucket":1,"minecraft:lantern":6,"minecraft:iron_axe":151,"minecraft:grass_block":13,"minecraft:barrel":68,"minecraft:stone_bricks":51,"minecraft:bow":4,"minecraft:dark_prismarine_stairs":1,"minecraft:mossy_stone_bricks":4,"minecraft:water_bucket":2,"supplementaries:sack":13,"minecraft:spruce_door":2,"minecraft:stone_pickaxe":166,"minecraft:ender_pearl":1,"vampirism:human_heart":1,"minecraft:spruce_sign":25,"minecraft:spruce_fence_gate":7,"minecraft:crafting_table":2,"quark:deepslate_tiles":262,"nefdecomod:meal_01":1,"minecraft:crossbow":1,"waystones:waystone":1,"minecraft:apple":1,"minecraft:melon_slice":5,"minecraft:iron_pickaxe":7,"minecraft:spruce_trapdoor":24,"minecraft:porkchop":1,"minecraft:cooked_porkchop":1,"minecraft:cooked_rabbit":1,"minecraft:bucket":3,"quark:oak_chest":5,"vampirism:med_chair":1,"minecraft:white_concrete":124}},"DataVersion":2586}