{"stats":{"minecraft:killed":{"minecraft:cave_spider":2,"alexsmobs:raccoon":1,"minecraft:spider":22,"minecraft:phantom":1,"minecraft:skeleton":16,"minecraft:silverfish":5,"vampirism:advanced_hunter":1,"ars_nouveau:summon_wolf":2,"artifacts:mimic":1,"minecraft:iron_golem":1,"vampirism:hunter":9,"minecraft:sheep":3,"minecraft:pillager":16,"minecraft:zombie":12,"ars_nouveau:wilden_stalker":7,"ars_nouveau:wilden_hunter":2,"minecraft:cow":1},"minecraft:mined":{"minecraft:dark_prismarine_stairs":1,"minecraft:spruce_planks":2,"minecraft:mossy_cobblestone":2,"minecraft:dark_oak_leaves":2,"minecraft:nether_brick_wall":1,"mysticalworld:copper_ore":2,"minecraft:spruce_trapdoor":1,"gravestone:gravestone":2,"minecraft:grass_block":4,"minecraft:brick_stairs":1,"minecraft:cracked_polished_blackstone_bricks":2,"minecraft:coal_block":1,"minecraft:spawner":18,"minecraft:smooth_stone":4,"minecraft:furnace":1,"minecraft:iron_ore":27,"minecraft:andesite":11,"create:copper_ore":3,"minecraft:dark_oak_stairs":2,"minecraft:gold_block":5,"nefdecomod:meal_01":1,"minecraft:mossy_stone_brick_stairs":1,"minecraft:bookshelf":36,"minecraft:oak_stairs":1,"minecraft:iron_bars":7,"minecraft:green_carpet":10,"minecraft:stone":10,"minecraft:iron_block":1,"create:limestone":2,"minecraft:ender_chest":1,"minecraft:quartz_block":6,"quark:oak_chest":11,"supplementaries:book_pile":1,"ba_bt:bt_land_spawner":15,"minecraft:crafting_table":3,"nefdecomod:cage":1,"minecraft:lectern":1,"supplementaries:sack":1,"minecraft:wall_torch":1,"minecraft:lime_bed":1,"minecraft:redstone_torch":3,"minecraft:wheat":1,"minecraft:jukebox":1,"minecraft:birch_leaves":3,"minecraft:jungle_fence":1,"minecraft:grass":1,"minecraft:oak_log":57,"minecraft:coal_ore":64,"minecraft:loom":4,"minecraft:gravel":1,"minecraft:dirt":2,"astralsorcery:aquamarine_sand_ore":1,"minecraft:stone_bricks":3,"minecraft:mossy_stone_bricks":4,"minecraft:oak_leaves":73},"minecraft:crafted":{"minecraft:oak_planks":12,"minecraft:iron_axe":1,"minecraft:air":195},"minecraft:dropped":{"minecraft:iron_sword":1,"vampirism:armor_of_swiftness_feet_ultimate":1,"minecraft:chainmail_helmet":1,"minecraft:coal":8,"minecraft:stick":1,"minecraft:torch":15,"gravestone:obituary":3,"minecraft:white_banner":1,"minecraft:chainmail_leggings":1,"minecraft:string":1,"ars_nouveau:wilden_horn":1,"ars_nouveau:wilden_wing":2,"minecraft:bricks":1,"supplementaries:sack":1,"minecraft:stone_sword":1,"minecraft:light_gray_wool":1,"vampirism:blood_bottle":2,"vampirism:armor_of_swiftness_chest_ultimate":1,"minecraft:chainmail_chestplate":1,"minecraft:leather_chestplate":1,"minecraft:shield":2,"aquaculture:bluegill":2,"minecraft:golden_leggings":1,"minecraft:spider_eye":2,"minecraft:iron_bars":1,"minecraft:arrow":2},"minecraft:picked_up":{"minecraft:crafting_table":2,"minecraft:diamond_sword":1,"minecraft:gold_block":5,"minecraft:enchanted_book":1,"create:limestone_cobblestone":2,"gravestone:obituary":2,"minecraft:shield":2,"minecraft:string":24,"minecraft:cracked_stone_bricks":2,"aquaculture:bluegill":2,"minecraft:smooth_stone":4,"minecraft:dark_prismarine_stairs":1,"minecraft:spruce_planks":2,"minecraft:beef":1,"minecraft:redstone_torch":2,"minecraft:light_gray_wool":1,"minecraft:iron_pickaxe":1,"minecraft:spruce_slab":1,"minecraft:lectern":1,"minecraft:coal_block":1,"minecraft:birch_sapling":4,"minecraft:spruce_trapdoor":1,"minecraft:phantom_membrane":1,"minecraft:stick":4,"minecraft:jukebox":1,"supplementaries:brass_lantern":1,"minecraft:torch":20,"minecraft:porkchop":3,"mysticalworld:silkworm_egg":3,"vampirism:holy_water_bottle_enhanced":1,"minecraft:arrow":15,"vampirism:blood_bottle":3,"minecraft:rotten_flesh":14,"ars_nouveau:worn_notebook":1,"minecraft:iron_block":1,"nefdecomod:meal_01":1,"minecraft:brick_stairs":1,"minecraft:obsidian":8,"minecraft:mutton":2,"minecraft:nether_brick_wall":1,"minecraft:iron_bars":5,"forbidden_arcanus:spawner_scrap":7,"minecraft:white_wool":2,"minecraft:cobblestone":10,"minecraft:oxeye_daisy":1,"minecraft:lime_bed":1,"vampirism:vampire_blood_bottle":1,"mysticalworld:copper_ore":2,"minecraft:andesite":11,"minecraft:leather":6,"minecraft:golden_leggings":1,"minecraft:jungle_fence":1,"ars_nouveau:wilden_wing":3,"minecraft:oak_log":56,"minecraft:chainmail_chestplate":3,"astralsorcery:aquamarine":1,"minecraft:dirt":6,"minecraft:lantern":3,"minecraft:white_banner":2,"vampirism:human_heart":2,"minecraft:bone":16,"create:copper_ore":3,"minecraft:apple":2,"minecraft:stone_bricks":4,"minecraft:bow":1,"nefdecomod:cage":1,"alexsmobs:cockroach_wing_fragment":1,"minecraft:iron_ingot":4,"quark:tallow":1,"minecraft:iron_ore":27,"minecraft:mossy_stone_bricks":5,"minecraft:diamond_helmet":2,"minecraft:oak_planks":1,"minecraft:iron_sword":1,"minecraft:dark_oak_stairs":2,"minecraft:book":142,"artifacts:obsidian_skull":1,"minecraft:milk_bucket":1,"supplementaries:sack":5,"minecraft:oak_pressure_plate":1,"guardscraft:crown":7,"minecraft:loom":4,"quark:oak_chest":11,"minecraft:green_carpet":8,"ars_nouveau:wilden_horn":1,"minecraft:spider_eye":8,"minecraft:mossy_cobblestone":1,"waystones:waystone":1,"minecraft:chainmail_leggings":1,"minecraft:cracked_polished_blackstone_bricks":2,"minecraft:crossbow":1,"minecraft:white_concrete":1,"minecraft:mossy_cobblestone_stairs":1,"minecraft:chainmail_helmet":1,"minecraft:oak_sapling":14,"minecraft:coal":61},"minecraft:custom":{"minecraft:mob_kills":113,"minecraft:interact_with_crafting_table":10,"minecraft:open_barrel":86,"minecraft:bell_ring":6,"minecraft:leave_game":4,"minecraft:time_since_death":25524,"minecraft:climb_one_cm":25102,"minecraft:sprint_one_cm":729320,"minecraft:walk_one_cm":671912,"minecraft:damage_blocked_by_shield":2943,"minecraft:drop":34,"minecraft:talked_to_villager":13,"minecraft:deaths":2,"minecraft:sneak_time":7451,"minecraft:walk_under_water_one_cm":5033,"minecraft:jump":3974,"minecraft:walk_on_water_one_cm":17405,"minecraft:interact_with_furnace":2,"minecraft:play_one_minute":275411,"minecraft:interact_with_loom":1,"minecraft:raid_trigger":1,"minecraft:sleep_in_bed":2,"minecraft:time_since_rest":25554,"minecraft:waystone_activated":7,"minecraft:open_enderchest":1,"minecraft:damage_taken":92385,"minecraft:damage_dealt":20416,"minecraft:swim_one_cm":46176,"minecraft:fly_one_cm":1049470,"minecraft:open_chest":106,"minecraft:crouch_one_cm":16611,"minecraft:fall_one_cm":106255},"minecraft:killed_by":{"minecraft:pillager":2},"minecraft:broken":{"minecraft:iron_boots":1,"minecraft:shield":1,"minecraft:chainmail_chestplate":1,"minecraft:iron_axe":1,"minecraft:iron_helmet":1},"minecraft:used":{"minecraft:oak_trapdoor":16,"minecraft:stone_sword":101,"quark:deepslate_tiles_wall":17,"minecraft:spruce_slab":62,"vampirism:heart_striker_enhanced":7,"minecraft:chest":2,"minecraft:spruce_planks":77,"minecraft:shield":113,"minecraft:iron_sword":62,"minecraft:stone":47,"minecraft:wooden_shovel":93,"minecraft:torch":29,"minecraft:dirt":7,"minecraft:spruce_stairs":104,"minecraft:spruce_fence":254,"minecraft:stripped_spruce_log":137,"minecraft:milk_bucket":2,"minecraft:bricks":2,"minecraft:lantern":6,"minecraft:iron_axe":295,"minecraft:grass_block":13,"minecraft:brick_stairs":1,"minecraft:barrel":68,"minecraft:stone_bricks":64,"minecraft:bow":5,"minecraft:dark_prismarine_stairs":1,"minecraft:water_bucket":3,"minecraft:mossy_stone_bricks":4,"supplementaries:sack":13,"minecraft:spruce_door":2,"minecraft:stone_pickaxe":186,"minecraft:oak_planks":5,"minecraft:ender_pearl":1,"vampirism:human_heart":2,"minecraft:spruce_sign":25,"minecraft:spruce_fence_gate":7,"minecraft:crafting_table":3,"quark:deepslate_tiles":262,"nefdecomod:meal_01":1,"minecraft:crossbow":1,"minecraft:oak_log":7,"minecraft:redstone_torch":2,"waystones:waystone":2,"minecraft:apple":1,"minecraft:cracked_polished_blackstone_bricks":2,"minecraft:melon_slice":5,"minecraft:iron_pickaxe":20,"minecraft:spruce_trapdoor":24,"minecraft:diamond_sword":28,"minecraft:coal_block":1,"minecraft:porkchop":1,"minecraft:cooked_porkchop":1,"minecraft:cooked_rabbit":1,"minecraft:bucket":4,"quark:oak_chest":32,"vampirism:med_chair":1,"minecraft:white_concrete":124,"minecraft:smooth_stone":4}},"DataVersion":2586}