{"stats":{"minecraft:killed":{"minecraft:cave_spider":5,"iceandfire:hippogryph":1,"minecraft:witch":3,"vampirism:advanced_vampire":2,"minecraft:spider":43,"minecraft:shulker":5,"minecraft:skeleton":20,"vampirism:blinding_bat":1,"vampirism:task_master_hunter":2,"minecraft:silverfish":8,"vampirism:advanced_hunter":24,"minecraft:piglin_brute":6,"artifacts:mimic":2,"minecraft:magma_cube":13,"minecraft:piglin":13,"minecraft:iron_golem":5,"vampirism:hunter":171,"minecraft:sheep":102,"minecraft:pillager":27,"minecraft:zombie":17,"minecraft:stray":2,"minecraft:ghast":1,"iceandfire:sea_serpent":9,"minecraft:blaze":18,"minecraft:cow":1,"minecraft:endermite":12,"minecraft:vindicator":2,"minecraft:phantom":9,"iceandfire:fire_dragon":1,"iceandfire:siren":1,"ars_nouveau:summon_wolf":14,"mysticalworld:endermini":4,"quark:foxhound":1,"vampirism:villager_angry":10,"minecraft:ravager":1,"minecraft:hoglin":1,"ars_nouveau:wilden_stalker":23,"iceandfire:ghost":1,"iceandfire:ice_dragon":1,"ars_nouveau:wilden_hunter":6,"minecraft:wither_skeleton":9,"minecraft:villager":13,"quark:wraith":2,"minecraft:enderman":36},"minecraft:broken":{"minecraft:iron_boots":2,"minecraft:diamond_boots":1,"minecraft:chainmail_chestplate":1,"minecraft:shield":3,"minecraft:golden_axe":4,"minecraft:iron_axe":2,"minecraft:iron_helmet":1},"minecraft:picked_up":{"minecraft:shulker_shell":3,"minecraft:iron_chestplate":1,"artifacts:umbrella":1,"minecraft:diamond_sword":1,"minecraft:oak_stairs":3,"minecraft:potion":4,"minecraft:enchanted_book":10,"minecraft:gilded_blackstone":1,"minecraft:nether_brick":35,"minecraft:stone_brick_stairs":1,"create:limestone_cobblestone":2,"minecraft:brewing_stand":1,"vampirism:pure_salt_water":13,"minecraft:golden_sword":1,"minecraft:polished_blackstone_brick_stairs":3,"minecraft:string":69,"iceandfire:sea_serpent_scales_teal":8,"minecraft:smooth_stone_slab":9,"minecraft:iron_leggings":1,"minecraft:pufferfish":2,"iceandfire:sea_serpent_scales_bronze":57,"vampirism:obi_belt":1,"minecraft:diamond_leggings":1,"minecraft:gold_nugget":6,"minecraft:smooth_stone":6,"minecraft:spruce_planks":4,"minecraft:redstone_torch":2,"minecraft:cobblestone_slab":1,"minecraft:ender_eye":8,"minecraft:iron_pickaxe":1,"astralsorcery:marble_raw":4,"minecraft:coal_block":1,"minecraft:stick":28,"minecraft:jukebox":1,"supplementaries:brass_lantern":1,"minecraft:torch":22,"minecraft:porkchop":4,"mysticalworld:silkworm_egg":3,"vampirism:holy_water_bottle_enhanced":6,"vampirism:vampire_fang":1,"vampirism:amulet":3,"minecraft:stone_sword":2,"vampirism:blood_bottle":6,"minecraft:rotten_flesh":27,"minecraft:tropical_fish":3,"ars_nouveau:worn_notebook":1,"iceandfire:fire_dragon_heart":1,"minecraft:iron_block":1,"minecraft:chorus_flower":1,"minecraft:blaze_rod":18,"quark:blaze_lantern":2,"minecraft:obsidian":22,"minecraft:iron_bars":20,"minecraft:cobblestone":229,"minecraft:enchanting_table":3,"minecraft:leather_chestplate":1,"vampirism:vampire_book":2,"iceandfire:stymphalian_bird_dagger":1,"minecraft:andesite":13,"minecraft:brown_wool":2,"minecraft:golden_leggings":1,"minecraft:flint":1,"mysticalworld:young_pearl":1,"minecraft:dirt":72,"iceandfire:dragonscales_bronze":16,"minecraft:lantern":3,"minecraft:bone":40,"create:copper_ore":3,"minecraft:bow":2,"minecraft:wheat_seeds":11,"vampirism:item_garlic":5,"minecraft:mossy_stone_bricks":12,"minecraft:diamond_helmet":2,"minecraft:glowstone_dust":10,"minecraft:bamboo":59,"forbidden_arcanus:nipa":1,"minecraft:oak_planks":3,"aquaculture:atlantic_herring":3,"aquaculture:jellyfish":1,"vampirism:ring":4,"minecraft:oak_pressure_plate":1,"minecraft:polished_blackstone_slab":1,"iceandfire:dragon_skull_fire":2,"iceandfire:shiny_scales":3,"minecraft:sand":38,"minecraft:nether_brick_stairs":1,"minecraft:ink_sac":5,"minecraft:loom":4,"minecraft:spectral_arrow":59,"minecraft:dark_oak_log":7,"ars_nouveau:wilden_horn":3,"minecraft:barrel":8,"minecraft:mossy_cobblestone":1,"quark:cobbled_deepslate":3,"forbidden_arcanus:ender_pearl_fragment":38,"minecraft:polished_andesite":4,"minecraft:sugar":2,"minecraft:diamond":3,"waystones:waystone":8,"minecraft:cracked_polished_blackstone_bricks":5,"minecraft:crossbow":1,"vampirism:coffin_red":1,"minecraft:white_concrete":1,"minecraft:chainmail_helmet":1,"minecraft:emerald":2,"minecraft:bread":2,"minecraft:chorus_fruit":29,"minecraft:oak_sapling":48,"iceandfire:tide_trident":1,"minecraft:netherrack":51,"minecraft:end_stone_bricks":8,"minecraft:end_stone_brick_stairs":1,"minecraft:crafting_table":6,"minecraft:allium":1,"minecraft:azure_bluet":1,"iceandfire:witherbone":5,"minecraft:splash_potion":2,"forbidden_arcanus:cherrywood_log":1,"minecraft:turtle_helmet":1,"minecraft:gold_block":21,"gravestone:obituary":38,"minecraft:shield":3,"iceandfire:sea_serpent_scales_blue":18,"supplementaries:globe":1,"minecraft:blackstone":94,"minecraft:cracked_stone_bricks":5,"aquaculture:bluegill":2,"minecraft:dark_prismarine_stairs":1,"minecraft:beef":3,"minecraft:poppy":6,"minecraft:iron_nugget":189,"minecraft:spruce_slab":1,"minecraft:light_gray_wool":5,"minecraft:lectern":1,"minecraft:sugar_cane":5,"minecraft:birch_sapling":5,"minecraft:spruce_trapdoor":1,"minecraft:phantom_membrane":5,"iceandfire:dragonbone":20,"minecraft:sandstone":2,"minecraft:end_stone":289,"iceandfire:chared_grass":2,"aquaculture:perch":2,"ars_nouveau:purple_archwood_sapling":1,"minecraft:fire_charge":5,"minecraft:polished_blackstone_bricks":6,"minecraft:stone_button":2,"nethers_delight:propelpearl":6,"minecraft:prismarine_crystals":2,"minecraft:arrow":47,"iceandfire:sea_serpent_scales_purple":20,"minecraft:diamond_chestplate":1,"minecraft:peony":2,"mysticalworld:aubergine_seeds":17,"minecraft:purpur_slab":1,"minecraft:saddle":1,"minecraft:gold_ingot":25,"minecraft:brick_stairs":1,"minecraft:mutton":125,"minecraft:nether_brick_wall":1,"forbidden_arcanus:spawner_scrap":23,"minecraft:white_wool":71,"minecraft:oxeye_daisy":1,"minecraft:stripped_oak_log":1,"quark:crab_leg":1,"minecraft:lime_bed":1,"vampirism:vampire_blood_bottle":6,"minecraft:basalt":2,"iceandfire:sea_serpent_fang":38,"mysticalworld:copper_ore":2,"minecraft:tripwire_hook":1,"minecraft:leather":42,"minecraft:jungle_fence":1,"nethers_delight:soul_compost":3,"mysticalworld:venison":2,"ars_nouveau:wilden_wing":8,"minecraft:oak_log":192,"minecraft:chainmail_chestplate":3,"astralsorcery:aquamarine":1,"minecraft:gunpowder":9,"minecraft:paper":2,"minecraft:white_banner":5,"forbidden_arcanus:arcane_crystal_dust_speck":1,"minecraft:red_carpet":2,"vampirism:human_heart":58,"forbidden_arcanus:edelwood_ladder":1,"minecraft:apple":6,"minecraft:stone_bricks":21,"minecraft:kelp":5,"minecraft:iron_ingot":19,"minecraft:iron_ore":34,"quark:tallow":6,"minecraft:cobweb":8,"artifacts:kitty_slippers":2,"minecraft:glass_bottle":1,"minecraft:iron_sword":1,"iceandfire:fire_dragon_flesh":9,"minecraft:soul_sand":55,"minecraft:dark_oak_stairs":2,"minecraft:book":142,"iceandfire:chared_stone":3,"minecraft:scaffolding":111,"artifacts:obsidian_skull":2,"minecraft:milk_bucket":1,"supplementaries:sack":12,"minecraft:chiseled_stone_bricks":1,"iceandfire:ash":4,"minecraft:quartz":57,"minecraft:gravel":88,"minecraft:lava_bucket":1,"minecraft:white_bed":1,"minecraft:spruce_sapling":2,"minecraft:spruce_log":45,"minecraft:crying_obsidian":20,"quark:oak_chest":19,"minecraft:green_carpet":14,"minecraft:spruce_door":1,"minecraft:spider_eye":10,"minecraft:dragon_egg":2,"minecraft:chainmail_leggings":1,"minecraft:iron_helmet":1,"iceandfire:sea_serpent_scales_red":12,"minecraft:mossy_cobblestone_stairs":1,"minecraft:gray_wool":12,"minecraft:black_wool":1,"iceandfire:chared_gravel":1,"minecraft:coal":78,"minecraft:ender_pearl":44},"minecraft:custom":{"minecraft:interact_with_crafting_table":42,"minecraft:open_barrel":179,"minecraft:bell_ring":12,"minecraft:eat_cake_slice":3,"minecraft:leave_game":19,"minecraft:time_since_death":68966,"minecraft:sprint_one_cm":2861559,"minecraft:damage_blocked_by_shield":26464,"minecraft:drop":300,"minecraft:talked_to_villager":38,"minecraft:deaths":32,"minecraft:jump":20510,"minecraft:interact_with_brewingstand":1,"minecraft:walk_on_water_one_cm":155839,"minecraft:interact_with_furnace":5,"minecraft:play_one_minute":1231680,"minecraft:interact_with_loom":1,"minecraft:sleep_in_bed":3,"minecraft:waystone_activated":27,"minecraft:open_enderchest":2,"minecraft:damage_dealt":178793,"minecraft:player_kills":14,"minecraft:crouch_one_cm":78379,"minecraft:interact_with_smoker":2,"minecraft:horse_one_cm":3015,"minecraft:interact_with_smithing_table":2,"minecraft:interact_with_anvil":15,"minecraft:mob_kills":736,"minecraft:climb_one_cm":46296,"minecraft:walk_one_cm":2585390,"vampirism:capture_village":4,"minecraft:raid_win":1,"minecraft:sneak_time":34010,"minecraft:walk_under_water_one_cm":348817,"minecraft:boat_one_cm":10033,"minecraft:interact_with_blast_furnace":4,"vampirism:win_village_capture":7,"minecraft:raid_trigger":1,"minecraft:time_since_rest":69040,"minecraft:damage_taken":1497794,"minecraft:damage_absorbed":40,"minecraft:trigger_trapped_chest":2,"minecraft:swim_one_cm":765669,"minecraft:fly_one_cm":8028409,"minecraft:open_chest":914,"vampirism:defend_village":3,"minecraft:fall_one_cm":1047579},"minecraft:used":{"minecraft:peony":2,"iceandfire:tide_trident":1,"minecraft:iron_shovel":68,"minecraft:shield":575,"quark:deepslate_tiles_wall":17,"vampirism:coffin_red":1,"minecraft:spruce_slab":62,"vampirism:heart_striker_enhanced":11,"minecraft:poppy":1,"minecraft:chest":2,"minecraft:iron_sword":225,"minecraft:stone":47,"minecraft:rotten_flesh":1,"supplementaries:globe":2,"minecraft:mutton":1,"minecraft:carrot":2,"minecraft:obsidian":23,"minecraft:snowball":1,"minecraft:stripped_spruce_log":137,"minecraft:milk_bucket":2,"minecraft:lava_bucket":16,"minecraft:bricks":2,"minecraft:lantern":6,"minecraft:grass_block":13,"forbidden_arcanus:nipa":1,"minecraft:stone_bricks":65,"minecraft:red_carpet":1,"minecraft:bow":74,"iceandfire:chared_stone":3,"minecraft:scaffolding":21,"mysticalworld:silkworm_egg":1,"minecraft:furnace":4,"minecraft:potato":1,"minecraft:dark_prismarine_stairs":1,"minecraft:mossy_stone_bricks":8,"minecraft:spruce_door":2,"minecraft:end_stone_bricks":3,"aquaculture:atlantic_herring":3,"minecraft:stone_pickaxe":262,"minecraft:oak_planks":18,"minecraft:ender_pearl":26,"vampirism:human_heart":77,"iceandfire:stymphalian_bird_dagger":77,"minecraft:golden_apple":1,"minecraft:white_wool":82,"minecraft:sand":10,"quark:deepslate_tiles":262,"minecraft:blast_furnace":2,"minecraft:crossbow":676,"minecraft:end_stone":256,"minecraft:redstone_torch":2,"waystones:waystone":10,"spartanweaponry:scythe_diamond":1,"minecraft:dark_oak_log":6,"minecraft:melon_slice":5,"minecraft:bread":1,"minecraft:brown_wool":1,"forbidden_arcanus:edelwood_ladder":1,"minecraft:gravel":97,"minecraft:pufferfish":1,"minecraft:diamond_sword":1070,"minecraft:coal_block":1,"minecraft:cooked_rabbit":2,"minecraft:andesite":1,"minecraft:smithing_table":1,"vampirism:med_chair":1,"minecraft:oak_boat":1,"minecraft:white_concrete":124,"aquaculture:perch":1,"minecraft:experience_bottle":13,"minecraft:oak_trapdoor":16,"minecraft:netherite_sword":418,"minecraft:iron_bars":1,"minecraft:stone_sword":101,"minecraft:enchanting_table":4,"minecraft:flint_and_steel":1,"minecraft:tropical_fish":1,"minecraft:spruce_planks":79,"quark:crab_leg":1,"minecraft:wooden_shovel":93,"minecraft:netherrack":39,"minecraft:torch":41,"minecraft:dirt":33,"minecraft:anvil":2,"minecraft:spruce_stairs":104,"minecraft:spruce_fence":254,"minecraft:iron_axe":718,"minecraft:brick_stairs":1,"minecraft:polished_blackstone_brick_stairs":1,"minecraft:barrel":74,"nethers_delight:propelpearl":2,"minecraft:light_gray_wool":2,"minecraft:basalt":1,"minecraft:beef":1,"minecraft:cooked_beef":1,"minecraft:golden_axe":129,"minecraft:water_bucket":192,"supplementaries:sack":21,"iceandfire:fire_dragon_flesh":2,"minecraft:iron_ore":7,"minecraft:glass_bottle":8,"minecraft:spruce_sign":25,"minecraft:cobblestone_slab":1,"minecraft:spruce_fence_gate":7,"minecraft:cracked_stone_bricks":2,"minecraft:polished_blackstone_bricks":5,"minecraft:gilded_blackstone":6,"minecraft:crafting_table":10,"mysticalworld:venison":2,"minecraft:white_bed":3,"minecraft:spruce_log":39,"minecraft:smoker":2,"farmersdelight:smoked_ham":1,"minecraft:oak_log":7,"minecraft:diamond_shovel":48,"minecraft:ender_eye":23,"minecraft:diamond_pickaxe":461,"minecraft:apple":1,"minecraft:cracked_polished_blackstone_bricks":5,"minecraft:iron_pickaxe":287,"minecraft:spruce_trapdoor":24,"spartanshields:shield_basic_iron":35,"minecraft:chiseled_stone_bricks":1,"minecraft:cobblestone":191,"minecraft:potion":5,"minecraft:porkchop":2,"minecraft:cooked_porkchop":1,"iceandfire:chared_grass":2,"minecraft:bucket":205,"quark:oak_chest":98,"minecraft:kelp":5,"minecraft:smooth_stone":4},"minecraft:dropped":{"minecraft:iron_sword":1,"vampirism:human_heart":1,"minecraft:ender_pearl":3,"iceandfire:fire_dragon_flesh":3,"iceandfire:tide_trident":1,"minecraft:gold_block":2,"quark:cobbled_deepslate":2,"gravestone:obituary":52,"minecraft:gold_nugget":1,"minecraft:polished_blackstone_slab":1,"ars_nouveau:wilden_horn":1,"minecraft:gold_ingot":151,"quark:tallow":1,"minecraft:sugar_cane":5,"minecraft:birch_sapling":1,"minecraft:rotten_flesh":2,"vampirism:blood_bottle":3,"minecraft:azure_bluet":1,"minecraft:white_bed":1,"minecraft:chainmail_chestplate":1,"minecraft:poppy":1,"minecraft:leather_chestplate":1,"aquaculture:bluegill":2,"minecraft:iron_bars":1,"minecraft:arrow":2,"vampirism:pure_salt_water":10,"minecraft:stone_brick_stairs":1,"vampirism:item_garlic":1,"vampirism:armor_of_swiftness_feet_ultimate":1,"minecraft:wheat_seeds":3,"mysticalworld:aubergine_seeds":3,"minecraft:chorus_flower":1,"minecraft:spruce_door":1,"minecraft:chainmail_helmet":1,"minecraft:coal":8,"minecraft:stick":4,"minecraft:gray_wool":4,"minecraft:torch":15,"minecraft:brown_wool":1,"forbidden_arcanus:spawner_scrap":3,"minecraft:white_banner":1,"iceandfire:stymphalian_bird_dagger":1,"minecraft:smooth_stone":1,"minecraft:chainmail_leggings":1,"minecraft:paper":2,"minecraft:string":3,"ars_nouveau:wilden_wing":3,"iceandfire:dragonbone":4,"minecraft:bricks":1,"supplementaries:sack":1,"minecraft:stone_sword":3,"minecraft:smooth_stone_slab":5,"supplementaries:bomb":3,"minecraft:light_gray_wool":1,"vampirism:armor_of_swiftness_chest_ultimate":1,"minecraft:shield":2,"minecraft:allium":1,"minecraft:iron_chestplate":1,"minecraft:mossy_stone_bricks":3,"minecraft:golden_leggings":1,"minecraft:golden_sword":1,"minecraft:spider_eye":2},"minecraft:crafted":{"minecraft:oak_planks":28,"minecraft:golden_boots":1,"minecraft:golden_axe":2,"minecraft:crafting_table":3,"minecraft:smithing_table":1,"minecraft:iron_ingot":21,"minecraft:gold_ingot":9,"minecraft:netherite_ingot":2,"iceandfire:armor_bronze_helmet":1,"minecraft:netherite_sword":1,"iceandfire:tide_red_boots":1,"minecraft:iron_axe":2,"iceandfire:armor_bronze_chestplate":1,"minecraft:netherite_scrap":9,"minecraft:diamond_sword":1,"forbidden_arcanus:cherrywood_planks":4,"iceandfire:tide_trident":1,"minecraft:air":918,"minecraft:oak_boat":1},"minecraft:killed_by":{"minecraft:wither_skeleton":2,"minecraft:pillager":2,"iceandfire:sea_serpent":5,"vampirism:hunter":1,"iceandfire:fire_dragon":13,"minecraft:player":5,"vampirism:advanced_hunter":1},"minecraft:mined":{"minecraft:dark_prismarine_stairs":1,"minecraft:spruce_planks":4,"minecraft:white_bed":1,"mysticalworld:copper_ore":2,"minecraft:brewing_stand":1,"minecraft:obsidian":1,"minecraft:spruce_trapdoor":1,"minecraft:grass_block":35,"minecraft:cracked_polished_blackstone_bricks":5,"minecraft:coal_block":1,"minecraft:purpur_slab":1,"forbidden_arcanus:cherrywood_log":1,"minecraft:frosted_ice":1,"minecraft:chiseled_stone_bricks":4,"minecraft:gilded_blackstone":1,"minecraft:spawner":53,"quark:blaze_lantern":3,"minecraft:smooth_stone":5,"minecraft:polished_blackstone_bricks":8,"minecraft:tall_seagrass":3,"minecraft:mossy_cobblestone_slab":1,"minecraft:iron_ore":27,"minecraft:barrel":8,"minecraft:fire":5,"create:copper_ore":3,"supplementaries:globe":1,"nefdecomod:barrel_apples":1,"nefdecomod:meal_01":1,"minecraft:nether_brick_stairs":2,"minecraft:dark_oak_stairs":2,"minecraft:enchanting_table":3,"minecraft:oak_stairs":1,"minecraft:iron_bars":21,"minecraft:green_carpet":16,"minecraft:end_stone_bricks":7,"minecraft:iron_block":1,"create:limestone":2,"iceandfire:chared_cobblestone":2,"forbidden_arcanus:edelwood_ladder":2,"minecraft:quartz_block":8,"minecraft:brown_mushroom":1,"minecraft:blackstone":32,"minecraft:kelp_plant":1,"supplementaries:book_pile":1,"minecraft:soul_fire":2,"minecraft:nether_quartz_ore":3,"minecraft:cobblestone":7,"minecraft:oak_planks":2,"minecraft:wall_torch":1,"minecraft:seagrass":2,"minecraft:wheat":1,"minecraft:jukebox":1,"minecraft:stone_brick_stairs":3,"minecraft:smooth_stone_slab":4,"minecraft:grass":36,"minecraft:oak_log":194,"forbidden_arcanus:nipa":1,"minecraft:loom":4,"minecraft:sand":39,"minecraft:dirt":54,"minecraft:tripwire_hook":1,"minecraft:netherrack":56,"minecraft:oak_leaves":237,"iceandfire:chared_stone":3,"minecraft:nether_gold_ore":1,"minecraft:diamond_ore":3,"minecraft:red_carpet":1,"minecraft:mossy_cobblestone":2,"minecraft:dark_oak_leaves":2,"minecraft:nether_brick_wall":1,"nefdecomod:oak_table":1,"minecraft:end_stone":345,"quark:cobbled_deepslate":9,"gravestone:gravestone":27,"ba_bt:land_chest":1,"ars_nouveau:phantom_block":9,"guardscraft:recruitment_desk_melee":1,"minecraft:brick_stairs":1,"minecraft:spruce_leaves":33,"minecraft:sandstone":2,"minecraft:large_fern":1,"minecraft:furnace":1,"minecraft:andesite":12,"minecraft:peony":2,"minecraft:gold_block":21,"astralsorcery:glow_flower":2,"minecraft:mossy_stone_brick_stairs":2,"minecraft:bookshelf":36,"minecraft:cobblestone_slab":1,"minecraft:vine":1,"minecraft:stripped_oak_log":1,"minecraft:bamboo":2,"minecraft:stone":168,"minecraft:ender_chest":1,"minecraft:scaffolding":1,"quark:oak_chest":19,"minecraft:basalt":1,"minecraft:spruce_door":1,"ba_bt:bt_land_spawner":15,"minecraft:crafting_table":7,"nefdecomod:cage":1,"minecraft:lectern":1,"supplementaries:sack":6,"minecraft:tall_grass":7,"minecraft:polished_blackstone_brick_stairs":3,"minecraft:lime_bed":1,"minecraft:coarse_dirt":8,"minecraft:polished_blackstone_slab":1,"minecraft:redstone_torch":3,"minecraft:spruce_log":46,"minecraft:birch_leaves":4,"minecraft:jungle_fence":1,"iceandfire:ash":1,"minecraft:grass_path":3,"astralsorcery:marble_raw":4,"minecraft:coal_ore":64,"minecraft:gravel":13,"minecraft:cobweb":1,"minecraft:cracked_stone_bricks":3,"astralsorcery:aquamarine_sand_ore":1,"minecraft:polished_andesite":4,"minecraft:stone_bricks":24,"minecraft:mossy_stone_bricks":11,"minecraft:fern":1}},"DataVersion":2586}