{"stats":{"minecraft:mined":{"minecraft:mossy_cobblestone":1,"minecraft:dark_oak_log":1,"mysticalworld:copper_ore":13,"gravestone:gravestone":10,"nefdecomod:red_mushroom":1,"minecraft:grass_block":4,"quark:birch_trapped_chest":1,"minecraft:spawner":30,"farmersdelight:wild_onions":4,"minecraft:hay_block":24,"minecraft:tall_seagrass":1,"iceandfire:copper_ore":4,"minecraft:mossy_cobblestone_stairs":2,"mysticalworld:tin_ore":7,"minecraft:iron_ore":21,"minecraft:barrel":9,"create:copper_ore":25,"minecraft:gold_block":15,"nefdecomod:meal_01":1,"minecraft:mossy_stone_brick_stairs":1,"minecraft:iron_bars":7,"minecraft:stone":22,"minecraft:bone_block":14,"astralsorcery:marble_bricks":23,"minecraft:quartz_block":3,"quark:oak_chest":2,"minecraft:crafting_table":2,"minecraft:torch":2,"supplementaries:sack":1,"minecraft:tall_grass":2,"minecraft:lapis_ore":6,"minecraft:wall_torch":1,"minecraft:seagrass":1,"valhelsia_structures:bone_pile":1,"minecraft:birch_log":10,"minecraft:sweet_berry_bush":12,"minecraft:spruce_log":1,"minecraft:birch_leaves":2,"minecraft:yellow_bed":1,"astralsorcery:marble_raw":1,"minecraft:grass":7,"minecraft:oak_log":10,"minecraft:coal_ore":51,"minecraft:dirt":22,"nefdecomod:wild_onions":2,"minecraft:cobweb":5,"minecraft:stonecutter":1,"minecraft:oak_leaves":105},"minecraft:killed":{"minecraft:vex":1,"vampirism:vampire":10,"minecraft:cave_spider":1,"iceandfire:hippogryph":1,"aquaculture:bluegill":6,"vampirism:advanced_vampire":1,"alexsmobs:raccoon":1,"minecraft:spider":34,"aquaculture:smallmouth_bass":1,"quark:forgotten":1,"minecraft:skeleton":12,"vampirism:blinding_bat":6,"minecraft:silverfish":9,"ars_nouveau:summon_wolf":3,"mysticalworld:clam":1,"aquaculture:carp":2,"artifacts:mimic":1,"minecraft:husk":1,"minecraft:pig":1,"minecraft:zombie_villager":1,"minecraft:bat":1,"minecraft:pillager":1,"aquaculture:minnow":1,"minecraft:zombie":44,"ars_nouveau:wilden_stalker":1,"minecraft:stray":11,"ars_nouveau:wilden_hunter":1,"minecraft:cow":2},"minecraft:crafted":{"minecraft:furnace":1,"minecraft:stone_pickaxe":1,"vampirism:stake":1,"minecraft:crafting_table":2,"minecraft:wooden_pickaxe":1,"minecraft:iron_sword":1,"minecraft:birch_planks":4,"minecraft:stone_axe":1,"minecraft:air":343,"minecraft:stick":12,"minecraft:stone_sword":1,"minecraft:torch":4},"minecraft:dropped":{"minecraft:wheat_seeds":1,"minecraft:feather":1,"minecraft:lead":1,"gravestone:obituary":11,"astralsorcery:marble_bricks":1,"minecraft:chainmail_chestplate":1,"vampirism:vampire_blood_bottle":1,"minecraft:bow":1},"minecraft:picked_up":{"minecraft:crafting_table":2,"minecraft:iron_chestplate":1,"minecraft:allium":7,"minecolonies:scroll_buff":2,"iceandfire:copper_ore":4,"artifacts:bunny_hoppers":2,"minecraft:lead":1,"minecraft:gold_block":15,"minecraft:potion":1,"usefulbackpacks:backpack_medium":1,"minecraft:diamond_horse_armor":2,"gravestone:obituary":3,"iceandfire:manuscript":5,"minecraft:string":31,"artifacts:power_glove":1,"nefdecomod:onions":6,"minecraft:red_nether_bricks":2,"minecraft:iron_leggings":1,"aquaculture:bluegill":4,"minecraft:beef":5,"minecraft:birch_sapling":2,"minecraft:spruce_trapdoor":1,"minecraft:egg":1,"minecraft:iron_boots":1,"minecraft:tipped_arrow":3,"botania:lexicon":1,"minecraft:stick":23,"supplementaries:brass_lantern":1,"forbidden_arcanus:aureal_bottle":2,"minecraft:torch":12,"minecraft:porkchop":3,"mysticalworld:silkworm_egg":1,"vampirism:vampire_fang":4,"minecraft:arrow":55,"minecraft:rotten_flesh":62,"farmersdelight:onion":4,"ars_nouveau:worn_notebook":1,"minecraft:hay_block":24,"aquaculture:carp":1,"nefdecomod:meal_01":1,"minecraft:iron_bars":5,"forbidden_arcanus:spawner_scrap":22,"minecraft:bone_block":14,"minecraft:cobblestone":27,"minecraft:birch_log":10,"minecraft:feather":1,"minecraft:leather_chestplate":2,"vampirism:vampire_blood_bottle":1,"mysticalworld:copper_ore":26,"minecraft:leather":4,"minecraft:golden_leggings":1,"minecraft:red_mushroom":2,"mysticalworld:tin_ore":7,"minecraft:oak_log":10,"minecraft:chainmail_chestplate":1,"minecraft:yellow_bed":1,"minecraft:gunpowder":6,"minecraft:lapis_lazuli":39,"minecraft:paper":11,"minecraft:dirt":26,"quark:forgotten_hat":2,"minecraft:bone":36,"create:copper_ore":25,"minecraft:stone_bricks":4,"minecraft:stonecutter":1,"minecraft:bow":4,"minecraft:wheat_seeds":1,"vampirism:item_garlic":1,"minecraft:iron_ingot":1,"quark:tallow":1,"minecraft:iron_ore":21,"minecraft:mossy_stone_bricks":1,"aquaculture:minnow":1,"minecraft:fletching_table":1,"minecraft:mossy_stone_brick_stairs":1,"minecraft:iron_sword":1,"vampirism:armor_of_swiftness_feet_ultimate":1,"aquaculture:smallmouth_bass":1,"minecraft:sweet_berries":29,"minecraft:music_disc_13":1,"supplementaries:sack":10,"quark:birch_trapped_chest":2,"minecraft:gravel":5,"astralsorcery:marble_bricks":10,"guardscraft:crown":11,"minecraft:spruce_log":1,"minecraft:barrel":9,"quark:oak_chest":2,"minecraft:spider_eye":13,"minecraft:leather_helmet":1,"minecraft:mossy_cobblestone":3,"minecraft:diamond":1,"waystones:waystone":7,"minecraft:chainmail_leggings":1,"minecraft:iron_helmet":2,"minecraft:mossy_cobblestone_stairs":2,"minecraft:spruce_sign":1,"minecraft:chainmail_helmet":1,"minecraft:oak_sapling":13,"minecraft:netherrack":2,"minecraft:coal":114,"vampirism:armor_of_swiftness_chest_ultimate":1},"minecraft:custom":{"minecraft:mob_kills":168,"minecraft:interact_with_anvil":11,"minecraft:interact_with_crafting_table":11,"minecraft:open_barrel":78,"minecraft:eat_cake_slice":9,"minecraft:leave_game":2,"minecraft:time_since_death":110850,"minecraft:climb_one_cm":8426,"minecraft:sprint_one_cm":564277,"minecraft:walk_one_cm":607786,"minecraft:damage_blocked_by_shield":6938,"minecraft:drop":18,"minecraft:talked_to_villager":7,"minecraft:deaths":10,"minecraft:sneak_time":3157,"minecraft:walk_under_water_one_cm":14423,"minecraft:jump":1883,"minecraft:walk_on_water_one_cm":15970,"minecraft:interact_with_furnace":2,"minecraft:play_one_minute":307818,"minecraft:sleep_in_bed":2,"minecraft:time_since_rest":4841,"minecraft:waystone_activated":14,"minecraft:damage_taken":6438,"minecraft:damage_absorbed":214,"minecraft:trigger_trapped_chest":1,"minecraft:damage_dealt":28351,"minecraft:swim_one_cm":48985,"minecraft:fly_one_cm":767669,"minecraft:open_chest":159,"minecraft:crouch_one_cm":948,"minecraft:fall_one_cm":83087,"minecraft:horse_one_cm":1523844},"minecraft:killed_by":{"minecraft:skeleton":1,"minecraft:zombie":7,"vampirism:vampire":1},"minecraft:broken":{"minecraft:chainmail_leggings":1,"minecraft:stone_sword":1,"minecraft:iron_boots":1,"minecraft:iron_leggings":2,"vampirism:armor_of_swiftness_chest_ultimate":1,"minecraft:chainmail_helmet":1,"minecraft:golden_leggings":1,"minecraft:stone_pickaxe":1,"minecraft:shield":2,"minecraft:chainmail_chestplate":1,"minecraft:stone_axe":1,"minecraft:iron_sword":1,"minecraft:iron_helmet":2,"minecraft:golden_chestplate":1},"minecraft:used":{"nefdecomod:mug":2,"nefdecomod:bottles":2,"nefdecomod:cards":1,"quark:elder_sea_lantern":4,"minecraft:iron_bars":1,"minecraft:stone_sword":132,"supplementaries:hourglass":1,"nefdecomod:books":2,"nefdecomod:book_2":1,"quark:granite_bricks_vertical_slab":6,"minecraft:oak_sign":15,"minecraft:spruce_planks":129,"minecraft:shield":237,"minecraft:white_terracotta":4,"minecraft:iron_sword":501,"aquaculture:bluegill":3,"minecraft:rotten_flesh":2,"supplementaries:globe":3,"minecraft:torch":102,"supplementaries:candelabra":1,"minecraft:dirt":27,"minecraft:anvil":4,"supplementaries:firefly_jar":2,"minecraft:spruce_stairs":24,"quark:marble_bricks":11,"minecraft:bricks":31,"nefdecomod:bottlesx_3":1,"minecraft:iron_axe":12,"minecraft:lantern":4,"minecraft:grass_block":55,"supplementaries:goblet":2,"minecraft:barrel":3,"quark:spruce_vertical_slab":10,"nefdecomod:n_compass":1,"minecraft:bow":13,"quark:oak_vertical_slab":8,"minecraft:furnace":1,"supplementaries:statue":1,"minecraft:cooked_beef":4,"forbidden_arcanus:edelwood_bucket":1,"create:granite_bricks":8,"minecraft:end_rod":10,"supplementaries:sack":3,"nefdecomod:map":1,"supplementaries:flag_white":1,"minecraft:lodestone":1,"valhelsia_structures:light_blue_glazed_jar":1,"minecraft:birch_planks":3,"minecraft:stone_pickaxe":129,"minecraft:red_nether_bricks":2,"minecraft:baked_potato":7,"minecraft:oak_planks":78,"quark:birch_trapped_chest":1,"nefdecomod:boat_in_bottle":2,"minecraft:wooden_pickaxe":11,"nefdecomod:onions":6,"minecraft:fletching_table":1,"forbidden_arcanus:edelwood_water_bucket":9,"minecraft:golden_apple":6,"minecraft:crafting_table":4,"nefdecomod:meal_01":1,"supplementaries:brass_lantern":18,"vampirism:stake":6,"nefdecomod:books_3":3,"waystones:waystone":4,"minecraft:apple":10,"quark:deepslate_bricks":23,"create:weathered_limestone_bricks":68,"aquaculture:carp":1,"minecraft:bread":27,"minecraft:iron_pickaxe":120,"valhelsia_structures:lime_glazed_jar":1,"minecraft:spruce_trapdoor":2,"forbidden_arcanus:edelwood_ladder":16,"minecraft:stone_axe":129,"quark:brick_vertical_slab":16,"minecraft:potion":6,"minecraft:cobblestone":29,"aquaculture:smallmouth_bass":1,"minecraft:grass_path":7,"minecraft:yellow_bed":1,"quark:oak_chest":7,"minecraft:white_concrete":176}},"DataVersion":2586}