{"stats":{"minecraft:killed":{"vampirism:vampire":37,"minecraft:cave_spider":5,"iceandfire:hippogryph":1,"vampirism:advanced_vampire":3,"minecraft:spider":43,"aquaculture:smallmouth_bass":1,"quark:forgotten":1,"minecraft:skeleton":54,"vampirism:blinding_bat":8,"minecraft:silverfish":25,"aquaculture:carp":2,"artifacts:mimic":2,"vampirism:task_master_vampire":2,"minecraft:pig":10,"minecraft:zombie_villager":1,"minecraft:iron_golem":2,"minecraft:creeper":1,"aquaculture:minnow":1,"minecraft:pillager":2,"minecraft:zombie":106,"minecraft:stray":36,"alexsmobs:fly":1,"minecraft:cow":2,"minecraft:vex":1,"aquaculture:bluegill":6,"alexsmobs:raccoon":4,"ars_nouveau:summon_wolf":7,"vampirism:villager_converted":6,"mysticalworld:clam":1,"minecraft:husk":1,"minecraft:bat":1,"ars_nouveau:wilden_stalker":5,"ars_nouveau:wilden_hunter":3,"minecraft:wither_skeleton":5},"minecraft:mined":{"minecraft:spruce_planks":1,"botania:framed_livingwood":4,"botania:red_mystical_flower":1,"minecraft:cobblestone_stairs":1,"minecraft:red_nether_bricks":1,"botania:pink_double_flower":1,"mysticalworld:copper_ore":13,"minecraft:obsidian":4,"minecraft:grass_block":68,"botania:light_gray_mystical_flower":4,"minecraft:spawner":90,"minecraft:tall_seagrass":1,"botania:apothecary_default":1,"botania:purple_mystical_flower":2,"minecraft:mossy_cobblestone_stairs":2,"minecraft:iron_ore":21,"minecraft:barrel":15,"minecraft:fire":9,"botania:lime_double_flower":1,"create:copper_ore":25,"minecraft:azure_bluet":21,"minecraft:nether_brick_stairs":7,"nefdecomod:meal_01":1,"minecraft:iron_bars":48,"forbidden_arcanus:yellow_orchid":2,"botania:light_blue_mystical_flower":3,"botania:green_mystical_flower":2,"astralsorcery:marble_bricks":23,"botania:orange_mystical_flower":3,"minecraft:quartz_block":18,"ars_nouveau:mana_berry_bush":1,"minecraft:torch":5,"minecraft:poppy":1,"botania:hydroangeas":2,"iceandfire:frozen_dirt":5,"farmersdelight:cabbages":1,"minecraft:cobblestone":9,"botania:blue_mystical_flower":4,"minecraft:oak_planks":2,"botania:black_mystical_flower":5,"botania:blue_double_flower":1,"minecraft:wall_torch":4,"minecraft:seagrass":1,"minecraft:repeater":1,"valhelsia_structures:bone_pile":1,"minecraft:birch_log":10,"minecraft:wheat":4,"minecraft:tnt":4,"minecraft:grass":53,"minecraft:oak_log":24,"minecraft:oak_fence_gate":1,"minecraft:dirt":78,"minecraft:birch_button":2,"nefdecomod:wild_onions":2,"minecraft:dispenser":1,"minecraft:stonecutter":1,"minecraft:oak_leaves":111,"minecraft:mossy_cobblestone":4,"quark:grate":1,"minecraft:oak_door":1,"minecraft:dark_oak_log":1,"iceandfire:frozen_cobblestone":1,"minecraft:nether_bricks":6,"nefdecomod:red_mushroom":1,"gravestone:gravestone":23,"minecraft:lever":1,"guardscraft:recruitment_desk_melee":1,"minecraft:redstone_wire":16,"quark:birch_trapped_chest":1,"farmersdelight:tomatoes":1,"minecraft:spruce_leaves":2,"minecraft:large_fern":1,"minecraft:hay_block":30,"farmersdelight:wild_onions":4,"botania:magenta_mystical_flower":6,"minecraft:carrots":15,"iceandfire:copper_ore":4,"mysticalworld:tin_ore":7,"minecraft:gold_block":15,"minecraft:mossy_stone_brick_stairs":2,"minecraft:bookshelf":14,"minecraft:vine":10,"botania:livingrock":8,"botania:light_blue_double_flower":2,"minecraft:stone":57,"minecraft:bone_block":14,"minecraft:redstone_wall_torch":6,"vampirism:cursed_earth":3,"botania:lime_mystical_flower":6,"quark:oak_chest":2,"minecraft:potted_lily_of_the_valley":1,"iceandfire:frozen_gravel":8,"minecraft:oak_fence":16,"minecraft:crafting_table":2,"minecraft:cornflower":8,"nefdecomod:cage":2,"supplementaries:sack":4,"minecraft:tall_grass":10,"minecraft:lapis_ore":6,"botania:white_double_flower":3,"botania:livingwood":14,"botania:pink_mystical_flower":2,"botania:cyan_mystical_flower":2,"minecraft:lime_bed":1,"minecraft:redstone_torch":2,"minecraft:sweet_berry_bush":14,"minecraft:spruce_log":1,"minecraft:birch_leaves":2,"minecraft:yellow_bed":1,"quark:deepslate":7,"astralsorcery:marble_raw":1,"iceandfire:silver_pile":18,"botania:white_mystical_flower":3,"botania:yellow_mystical_flower":4,"minecraft:coal_ore":51,"minecraft:cobweb":5,"botania:gray_mystical_flower":2,"minecraft:cracked_stone_bricks":26,"minecraft:stone_bricks":7,"minecraft:mossy_stone_bricks":1,"quark:root":4},"minecraft:crafted":{"botania:livingwood_planks":4,"minecraft:cobblestone_slab":6,"botania:mana_pool":1,"botania:cosmetic_pink_flower_bud":1,"minecraft:stone":14,"minecraft:lever":1,"guardscraft:recruitment_desk_melee":1,"vampirism:hunter_table":1,"minecraft:repeater":2,"minecraft:bow":1,"botania:twig_wand":1,"minecraft:birch_fence_gate":1,"vampirism:stake":2,"botania:light_gray_petal":8,"minecraft:white_banner":1,"minecraft:crafting_table":4,"minecraft:wooden_pickaxe":1,"botania:livingwood_twig":1,"minecraft:birch_planks":4,"minecraft:dispenser":1,"minecraft:spruce_trapdoor":8,"minecraft:wooden_hoe":1,"minecraft:stick":24,"botania:framed_livingwood":4,"minecraft:stone_sword":1,"botania:apothecary_default":1,"minecraft:wooden_sword":1,"minecraft:iron_nugget":9,"minecraft:furnace":1,"botania:blue_petal":4,"minecraft:bone_meal":3,"quark:grate":1,"minecraft:flint_and_steel":1,"botania:flower_bag":1,"minecraft:stone_pickaxe":1,"botania:light_blue_petal":2,"botania:fertilizer":5,"quark:feeding_trough":1,"minecraft:enchanting_table":1,"botania:mana_spreader":1,"minecraft:iron_sword":2,"minecraft:stone_axe":1,"vampirism:weapon_table":1,"minecraft:air":1149,"minecraft:white_dye":6,"botania:magenta_petal":2,"minecraft:torch":4},"minecraft:dropped":{"minecraft:nether_brick_stairs":4,"nefdecomod:cage":1,"minecraft:glass_bottle":4,"botania:cyan_petal":2,"iceandfire:frozen_dirt":5,"vampirism:hunter_coat_feet_ultimate":1,"gravestone:obituary":23,"botania:white_petal":16,"minecraft:gold_ingot":8,"minecraft:golden_chestplate":1,"minecraft:rotten_flesh":4,"minecraft:chainmail_chestplate":1,"minecraft:poppy":1,"vampirism:vampire_blood_bottle":1,"minecraft:iron_bars":2,"botania:black_lotus":4,"ars_nouveau:wixie_shards":1,"minecraft:water_bucket":1,"minecraft:wheat_seeds":6,"botania:hydroangeas":1,"minecraft:iron_helmet":1,"minecraft:feather":1,"minecraft:lead":1,"iceandfire:frozen_gravel":10,"minecraft:chainmail_helmet":1,"minecraft:torch":88,"vampirism:cursed_earth":1,"minecraft:iron_leggings":2,"minecraft:string":1,"iceandfire:frozen_cobblestone":3,"astralsorcery:marble_bricks":1,"minecraft:iron_boots":1,"minecraft:name_tag":1,"minecraft:shield":1,"iceandfire:frozen_splinters":3,"botania:mana_bottle":2,"minecraft:bow":3,"botania:magenta_mystical_flower":1,"botania:blue_petal":2,"minecraft:brick":8},"minecraft:picked_up":{"minecraft:iron_chestplate":1,"minecraft:wheat":1,"minecraft:chainmail_boots":2,"minecraft:flower_pot":2,"iceandfire:copper_ore":4,"artifacts:bunny_hoppers":4,"minecraft:lead":1,"minecraft:golden_shovel":1,"botania:livingwood":14,"minecraft:potion":1,"minecraft:enchanted_book":1,"minecraft:birch_button":2,"iceandfire:manuscript":5,"minecraft:string":50,"nefdecomod:onions":6,"minecraft:red_nether_bricks":7,"minecraft:iron_leggings":3,"vampirism:obi_belt":3,"farmersdelight:cabbage":1,"minecraft:spruce_planks":1,"minecraft:white_tulip":2,"minecraft:redstone_torch":10,"botania:hydroangeas":6,"quark:root_item":2,"minecraft:iron_pickaxe":3,"iceandfire:frozen_gravel":10,"astralsorcery:marble_raw":4,"farmersdelight:cabbage_seeds":2,"minecraft:iron_boots":6,"minecraft:tipped_arrow":17,"minecraft:golden_helmet":1,"minecraft:stick":41,"botania:lexicon":1,"supplementaries:brass_lantern":1,"forbidden_arcanus:aureal_bottle":2,"minecraft:oak_fence":20,"minecraft:torch":42,"botania:yellow_mystical_flower":3,"minecraft:porkchop":19,"mysticalworld:silkworm_egg":1,"forbidden_arcanus:yellow_orchid":8,"vampirism:vampire_fang":11,"minecraft:golden_chestplate":1,"botania:white_mystical_flower":3,"quark:ancient_tome":1,"minecraft:quartz_block":6,"vampirism:blood_bottle":1,"minecraft:rotten_flesh":118,"botania:livingrock":8,"farmersdelight:onion":4,"ars_nouveau:worn_notebook":1,"minecraft:red_tulip":9,"minecraft:obsidian":4,"minecraft:iron_bars":48,"minecraft:cobblestone":70,"minecraft:birch_log":10,"minecraft:leather_chestplate":5,"vampirism:vampire_book":1,"minecraft:feather":3,"minecraft:repeater":1,"minecraft:water_bucket":1,"minecraft:golden_leggings":2,"minecraft:potato":1,"mysticalworld:tin_ore":7,"forbidden_arcanus:edelwood_water_bucket":1,"minecraft:lapis_lazuli":39,"farmersdelight:tomato":2,"minecraft:dirt":141,"minecraft:name_tag":2,"minecraft:leather_boots":1,"minecraft:bone":125,"create:copper_ore":25,"minecraft:orange_tulip":11,"minecraft:stonecutter":1,"minecraft:bow":13,"minecraft:wheat_seeds":10,"botania:pink_mystical_flower":2,"vampirism:item_garlic":1,"minecraft:mossy_stone_bricks":5,"artifacts:antidote_vessel":3,"minecraft:fletching_table":1,"minecraft:diamond_helmet":4,"vampirism:armor_of_swiftness_feet_ultimate":1,"minecraft:oak_planks":2,"minecraft:mossy_stone_brick_stairs":1,"minecraft:music_disc_13":1,"vampirism:ring":2,"minecraft:nether_brick_stairs":9,"guardscraft:crown":24,"minecraft:lily_of_the_valley":1,"iceandfire:frozen_dirt":5,"minecraft:trapped_chest":2,"ars_nouveau:wilden_horn":1,"minecraft:barrel":15,"minecraft:mossy_cobblestone":17,"quark:cobbled_deepslate":9,"minecraft:dispenser":1,"minecraft:diamond":1,"minecraft:lever":1,"waystones:waystone":13,"minecraft:golden_apple":1,"minecraft:spruce_sign":1,"minecraft:chainmail_helmet":2,"minecraft:oak_sapling":13,"iceandfire:silver_nugget":158,"minecraft:netherrack":4,"minecraft:diamond_pickaxe":1,"minecraft:crafting_table":2,"minecraft:allium":7,"minecraft:azure_bluet":43,"iceandfire:witherbone":3,"minecolonies:scroll_buff":2,"minecraft:leather_leggings":2,"minecraft:wooden_pickaxe":1,"minecraft:gold_block":15,"usefulbackpacks:backpack_medium":2,"minecraft:diamond_horse_armor":2,"iceandfire:frozen_cobblestone":3,"gravestone:obituary":10,"minecraft:brick":16,"minecraft:shield":3,"iceandfire:frozen_splinters":3,"minecraft:cornflower":8,"artifacts:power_glove":1,"minecraft:compass":1,"botania:magenta_mystical_flower":5,"botania:mana_string":1,"minecraft:cracked_stone_bricks":27,"vampirism:cursed_earth":3,"aquaculture:bluegill":4,"botania:framed_livingwood":4,"botania:pure_daisy":1,"minecraft:beef":5,"minecraft:poppy":3,"minecraft:chest":1,"minecraft:birch_sapling":2,"minecraft:spruce_trapdoor":1,"minecraft:egg":2,"minecraft:oak_door":1,"botania:mana_bottle":2,"farmersdelight:tomato_seeds":1,"minecraft:carrot":227,"minecraft:redstone":16,"ars_nouveau:wixie_shards":1,"botania:black_lotus":2,"minecraft:tnt":4,"minecraft:arrow":121,"minecraft:diamond_chestplate":2,"botania:lime_mystical_flower":3,"minecraft:peony":12,"minecraft:nether_bricks":10,"botania:apothecary_default":1,"mysticalworld:aubergine_seeds":13,"minecraft:hay_block":30,"botania:blue_mystical_flower":3,"aquaculture:carp":1,"minecraft:saddle":1,"minecraft:gold_ingot":16,"nefdecomod:meal_01":1,"forbidden_arcanus:spawner_scrap":66,"minecraft:white_wool":25,"minecraft:bone_block":14,"minecraft:lime_bed":1,"vampirism:vampire_blood_bottle":13,"mysticalworld:copper_ore":26,"minecraft:leather":4,"minecraft:red_mushroom":3,"ars_nouveau:wilden_wing":3,"minecraft:oak_log":24,"minecraft:chainmail_chestplate":2,"minecraft:golden_boots":1,"minecraft:yellow_bed":1,"minecraft:gunpowder":10,"minecraft:cobblestone_stairs":1,"quark:limestone":1,"minecraft:paper":19,"quark:forgotten_hat":2,"botania:black_mystical_flower":4,"minecraft:stone_bricks":10,"nefdecomod:cage":1,"minecraft:iron_ingot":19,"minecraft:oak_fence_gate":1,"quark:tallow":18,"minecraft:iron_ore":21,"aquaculture:minnow":1,"minecraft:iron_sword":2,"minecraft:book":43,"aquaculture:smallmouth_bass":1,"minecraft:sweet_berries":47,"supplementaries:sack":13,"quark:grate":1,"quark:birch_trapped_chest":2,"minecraft:gravel":8,"guardscraft:recruitment_desk_melee":1,"astralsorcery:marble_bricks":10,"minecraft:spruce_sapling":11,"botania:white_petal":12,"minecraft:spruce_log":1,"quark:oak_chest":2,"minecraft:spider_eye":14,"minecraft:leather_helmet":2,"minecraft:diamond_shovel":2,"minecraft:pumpkin_seeds":2,"minecraft:chainmail_leggings":3,"botania:orange_mystical_flower":2,"minecraft:iron_helmet":4,"minecraft:diamond_axe":1,"minecraft:mossy_cobblestone_stairs":2,"minecraft:coal":151,"vampirism:armor_of_swiftness_chest_ultimate":1,"ars_nouveau:mana_berry":3},"minecraft:custom":{"minecraft:animals_bred":8,"minecraft:interact_with_crafting_table":68,"minecraft:open_barrel":426,"minecraft:bell_ring":17,"minecraft:eat_cake_slice":9,"minecraft:leave_game":5,"minecraft:time_since_death":186473,"minecraft:sprint_one_cm":1536205,"minecraft:damage_blocked_by_shield":12628,"minecraft:drop":104,"minecraft:talked_to_villager":18,"minecraft:deaths":22,"minecraft:jump":5036,"minecraft:walk_on_water_one_cm":55745,"minecraft:interact_with_furnace":18,"minecraft:play_one_minute":816936,"minecraft:sleep_in_bed":18,"minecraft:waystone_activated":22,"minecraft:damage_dealt":70045,"minecraft:crouch_one_cm":1972,"minecraft:inspect_dispenser":3,"minecraft:horse_one_cm":1523844,"minecraft:interact_with_anvil":13,"minecraft:mob_kills":413,"minecraft:climb_one_cm":35967,"minecraft:walk_one_cm":1564235,"vampirism:capture_village":3,"minecraft:sneak_time":5107,"minecraft:walk_under_water_one_cm":15705,"vampirism:win_village_capture":3,"minecraft:interact_with_stonecutter":1,"minecraft:time_since_rest":9667,"minecraft:damage_taken":20072,"minecraft:damage_absorbed":363,"minecraft:trigger_trapped_chest":35,"minecraft:swim_one_cm":57327,"minecraft:fly_one_cm":1444891,"minecraft:open_chest":505,"minecraft:fall_one_cm":256562},"minecraft:killed_by":{"minecraft:zombie":9,"vampirism:vampire":1,"minecraft:stray":7,"minecraft:skeleton":4},"minecraft:broken":{"minecraft:golden_helmet":1,"minecraft:diamond_helmet":1,"minecraft:leather_leggings":1,"minecraft:iron_boots":4,"minecraft:iron_leggings":2,"vampirism:armor_of_swiftness_chest_ultimate":1,"minecraft:chainmail_boots":1,"minecraft:golden_leggings":1,"minecraft:stone_pickaxe":1,"minecraft:chainmail_chestplate":4,"minecraft:stone_axe":1,"minecraft:iron_sword":5,"vampirism:armor_of_swiftness_legs_ultimate":1,"minecraft:bow":1,"minecraft:golden_chestplate":2,"minecraft:diamond_chestplate":1,"minecraft:chainmail_leggings":1,"minecraft:stone_sword":1,"vampirism:stake":1,"minecraft:chainmail_helmet":2,"minecraft:shield":5,"minecraft:iron_axe":1,"minecraft:iron_pickaxe":1,"minecraft:iron_helmet":3},"minecraft:used":{"quark:grate":5,"minecraft:oak_sign":15,"supplementaries:hourglass":1,"minecraft:dispenser":2,"nefdecomod:books":2,"minecraft:iron_shovel":80,"minecraft:poppy":1,"ars_nouveau:mana_berry":3,"guardscraft:recruitment_swordman":1,"minecraft:shield":383,"farmersdelight:cabbage":1,"minecraft:chest":1,"minecraft:white_terracotta":4,"minecraft:iron_sword":1388,"quark:feeding_trough":1,"minecraft:rotten_flesh":11,"aquaculture:bluegill":3,"supplementaries:globe":3,"supplementaries:candelabra":1,"supplementaries:firefly_jar":2,"minecraft:nether_bricks":3,"minecraft:carrot":41,"farmersdelight:tomato":2,"minecraft:bricks":31,"minecraft:lantern":4,"minecraft:grass_block":55,"supplementaries:goblet":2,"minecraft:stone_bricks":20,"guardscraft:recruitment_desk_melee":2,"nefdecomod:n_compass":1,"minecraft:birch_button":3,"minecraft:repeater":5,"minecraft:bow":75,"minecraft:sweet_berries":40,"minecraft:furnace":1,"minecraft:egg":1,"minecraft:potato":3,"forbidden_arcanus:edelwood_bucket":4,"minecraft:mossy_stone_bricks":1,"vampirism:weapon_table":1,"minecraft:end_rod":10,"valhelsia_structures:light_blue_glazed_jar":1,"minecraft:stone_pickaxe":129,"minecraft:oak_planks":82,"quark:birch_trapped_chest":1,"nefdecomod:boat_in_bottle":2,"minecraft:wooden_pickaxe":11,"nefdecomod:onions":6,"minecraft:golden_apple":7,"botania:fertilizer":9,"guardscraft:recruitment_lancer":1,"vampirism:stake":97,"nefdecomod:books_3":3,"minecraft:redstone_torch":10,"waystones:waystone":10,"minecraft:lever":2,"quark:deepslate_bricks":23,"minecraft:bread":113,"valhelsia_structures:lime_glazed_jar":1,"forbidden_arcanus:edelwood_ladder":16,"quark:brick_vertical_slab":16,"botania:pure_daisy":1,"aquaculture:smallmouth_bass":1,"minecraft:birch_log":4,"minecraft:white_concrete":176,"minecraft:bone_meal":174,"botania:hydroangeas":5,"nefdecomod:mug":2,"minecraft:oak_fence":9,"nefdecomod:bottles":2,"nefdecomod:cards":1,"quark:elder_sea_lantern":4,"minecraft:enchanting_table":1,"minecraft:iron_bars":7,"minecraft:stone_sword":132,"minecraft:flint_and_steel":11,"nefdecomod:book_2":1,"minecraft:redstone":21,"quark:granite_bricks_vertical_slab":6,"minecraft:spruce_planks":139,"minecraft:oak_door":1,"minecraft:torch":387,"minecraft:dirt":84,"minecraft:anvil":4,"minecraft:spruce_stairs":24,"quark:marble_bricks":11,"botania:twig_wand":17,"minecraft:red_tulip":1,"nefdecomod:bottlesx_3":1,"minecraft:iron_axe":224,"minecraft:barrel":17,"quark:spruce_vertical_slab":10,"quark:oak_vertical_slab":8,"botania:mana_pool":1,"supplementaries:statue":1,"minecraft:trapped_chest":1,"minecraft:cooked_beef":25,"minecraft:cooked_mutton":1,"minecraft:water_bucket":1,"supplementaries:sack":6,"create:granite_bricks":8,"nefdecomod:map":1,"minecraft:cobblestone_stairs":1,"supplementaries:flag_white":1,"minecraft:lodestone":1,"minecraft:birch_planks":3,"minecraft:red_nether_bricks":2,"minecraft:baked_potato":11,"botania:mana_spreader":1,"minecraft:cobblestone_slab":4,"minecraft:fletching_table":1,"minecraft:stonecutter":1,"minecraft:cracked_stone_bricks":82,"forbidden_arcanus:edelwood_water_bucket":90,"minecraft:mossy_cobblestone":1,"minecraft:tnt":5,"minecraft:crafting_table":6,"nefdecomod:meal_01":1,"vampirism:hunter_table":1,"supplementaries:brass_lantern":18,"botania:apothecary_default":1,"minecraft:oak_log":10,"minecraft:wooden_hoe":27,"minecraft:diamond_pickaxe":6,"botania:framed_livingwood":4,"minecraft:apple":23,"create:weathered_limestone_bricks":68,"aquaculture:carp":1,"minecraft:iron_pickaxe":377,"minecraft:spruce_trapdoor":6,"minecraft:stone_axe":129,"minecraft:cobblestone":45,"minecraft:potion":22,"minecraft:cooked_porkchop":1,"minecraft:bucket":3,"minecraft:grass_path":7,"minecraft:yellow_bed":1,"quark:oak_chest":7}},"DataVersion":2586}