{"stats":{"minecraft:mined":{"minecraft:mossy_cobblestone":1,"mysticalworld:copper_ore":13,"gravestone:gravestone":10,"nefdecomod:red_mushroom":1,"minecraft:grass_block":4,"quark:birch_trapped_chest":1,"minecraft:spawner":18,"minecraft:tall_seagrass":1,"iceandfire:copper_ore":4,"minecraft:mossy_cobblestone_stairs":2,"mysticalworld:tin_ore":7,"minecraft:iron_ore":21,"create:copper_ore":25,"nefdecomod:meal_01":1,"minecraft:mossy_stone_brick_stairs":1,"minecraft:iron_bars":7,"minecraft:stone":22,"minecraft:quartz_block":3,"minecraft:crafting_table":2,"minecraft:torch":2,"supplementaries:sack":1,"minecraft:lapis_ore":6,"minecraft:wall_torch":1,"minecraft:seagrass":1,"minecraft:birch_log":10,"minecraft:spruce_log":1,"minecraft:birch_leaves":2,"minecraft:coal_ore":51,"minecraft:dirt":22,"nefdecomod:wild_onions":2},"minecraft:killed":{"vampirism:vampire":10,"minecraft:cave_spider":1,"aquaculture:bluegill":6,"vampirism:advanced_vampire":1,"minecraft:spider":21,"aquaculture:smallmouth_bass":1,"quark:forgotten":1,"minecraft:skeleton":8,"vampirism:blinding_bat":6,"minecraft:silverfish":9,"ars_nouveau:summon_wolf":3,"mysticalworld:clam":1,"aquaculture:carp":2,"artifacts:mimic":1,"minecraft:husk":1,"minecraft:pig":1,"minecraft:zombie_villager":1,"minecraft:bat":1,"aquaculture:minnow":1,"minecraft:zombie":39,"ars_nouveau:wilden_stalker":1,"minecraft:stray":11,"ars_nouveau:wilden_hunter":1},"minecraft:crafted":{"minecraft:stone_pickaxe":1,"minecraft:wooden_pickaxe":1,"minecraft:stone_axe":1,"minecraft:air":153,"minecraft:stick":12,"minecraft:stone_sword":1,"minecraft:torch":4},"minecraft:dropped":{"minecraft:lead":1,"gravestone:obituary":10,"minecraft:chainmail_chestplate":1,"vampirism:vampire_blood_bottle":1,"minecraft:bow":1},"minecraft:picked_up":{"minecraft:crafting_table":2,"minecraft:iron_chestplate":1,"iceandfire:copper_ore":4,"artifacts:bunny_hoppers":2,"minecraft:lead":1,"minecraft:potion":1,"usefulbackpacks:backpack_medium":1,"minecraft:diamond_horse_armor":2,"gravestone:obituary":3,"minecraft:string":25,"artifacts:power_glove":1,"nefdecomod:onions":6,"minecraft:red_nether_bricks":2,"minecraft:iron_leggings":1,"aquaculture:bluegill":4,"minecraft:birch_sapling":2,"minecraft:spruce_trapdoor":1,"minecraft:iron_boots":1,"minecraft:tipped_arrow":3,"botania:lexicon":1,"minecraft:stick":13,"supplementaries:brass_lantern":1,"forbidden_arcanus:aureal_bottle":2,"minecraft:torch":12,"minecraft:porkchop":3,"vampirism:vampire_fang":4,"minecraft:arrow":30,"minecraft:rotten_flesh":62,"ars_nouveau:worn_notebook":1,"aquaculture:carp":1,"nefdecomod:meal_01":1,"minecraft:iron_bars":5,"forbidden_arcanus:spawner_scrap":12,"minecraft:cobblestone":27,"minecraft:birch_log":10,"minecraft:leather_chestplate":2,"vampirism:vampire_blood_bottle":1,"mysticalworld:copper_ore":13,"minecraft:golden_leggings":1,"minecraft:red_mushroom":2,"mysticalworld:tin_ore":7,"minecraft:chainmail_chestplate":1,"minecraft:gunpowder":6,"minecraft:lapis_lazuli":39,"minecraft:paper":6,"minecraft:dirt":26,"quark:forgotten_hat":2,"minecraft:bone":31,"create:copper_ore":25,"minecraft:stone_bricks":4,"minecraft:bow":4,"minecraft:iron_ingot":1,"quark:tallow":1,"minecraft:iron_ore":21,"minecraft:mossy_stone_bricks":1,"aquaculture:minnow":1,"minecraft:fletching_table":1,"minecraft:mossy_stone_brick_stairs":1,"minecraft:iron_sword":1,"vampirism:armor_of_swiftness_feet_ultimate":1,"aquaculture:smallmouth_bass":1,"minecraft:music_disc_13":1,"supplementaries:sack":10,"quark:birch_trapped_chest":2,"minecraft:gravel":5,"guardscraft:crown":10,"minecraft:spruce_log":1,"minecraft:spider_eye":13,"minecraft:leather_helmet":1,"minecraft:mossy_cobblestone":3,"minecraft:diamond":1,"minecraft:chainmail_leggings":1,"minecraft:iron_helmet":2,"minecraft:mossy_cobblestone_stairs":2,"minecraft:spruce_sign":1,"minecraft:chainmail_helmet":1,"minecraft:oak_sapling":8,"minecraft:netherrack":2,"minecraft:coal":72,"vampirism:armor_of_swiftness_chest_ultimate":1},"minecraft:custom":{"minecraft:mob_kills":140,"minecraft:interact_with_anvil":11,"minecraft:interact_with_crafting_table":5,"minecraft:open_barrel":73,"minecraft:eat_cake_slice":7,"minecraft:time_since_death":20678,"minecraft:climb_one_cm":6773,"minecraft:sprint_one_cm":355268,"minecraft:walk_one_cm":474566,"minecraft:damage_blocked_by_shield":6633,"minecraft:drop":14,"minecraft:talked_to_villager":2,"minecraft:deaths":10,"minecraft:sneak_time":3044,"minecraft:walk_under_water_one_cm":7915,"minecraft:jump":991,"minecraft:walk_on_water_one_cm":10810,"minecraft:interact_with_furnace":1,"minecraft:play_one_minute":217646,"minecraft:time_since_rest":20721,"minecraft:waystone_activated":4,"minecraft:damage_taken":5306,"minecraft:damage_absorbed":196,"minecraft:trigger_trapped_chest":1,"minecraft:damage_dealt":24307,"minecraft:swim_one_cm":31245,"minecraft:fly_one_cm":560394,"minecraft:open_chest":79,"minecraft:crouch_one_cm":946,"minecraft:fall_one_cm":32517,"minecraft:horse_one_cm":200099},"minecraft:killed_by":{"minecraft:skeleton":1,"minecraft:zombie":7,"vampirism:vampire":1},"minecraft:broken":{"minecraft:chainmail_leggings":1,"minecraft:stone_sword":1,"minecraft:iron_boots":1,"minecraft:iron_leggings":1,"vampirism:armor_of_swiftness_chest_ultimate":1,"minecraft:golden_leggings":1,"minecraft:stone_pickaxe":1,"minecraft:shield":2,"minecraft:chainmail_chestplate":1,"minecraft:iron_sword":1,"minecraft:iron_helmet":2},"minecraft:used":{"nefdecomod:mug":2,"nefdecomod:bottles":2,"nefdecomod:cards":1,"quark:elder_sea_lantern":4,"minecraft:iron_bars":1,"minecraft:stone_sword":132,"supplementaries:hourglass":1,"nefdecomod:books":2,"nefdecomod:book_2":1,"quark:granite_bricks_vertical_slab":6,"minecraft:oak_sign":15,"minecraft:spruce_planks":114,"minecraft:shield":229,"minecraft:white_terracotta":4,"minecraft:iron_sword":432,"minecraft:rotten_flesh":2,"supplementaries:globe":3,"minecraft:torch":98,"supplementaries:candelabra":1,"minecraft:dirt":21,"minecraft:anvil":3,"supplementaries:firefly_jar":2,"minecraft:spruce_stairs":24,"quark:marble_bricks":11,"minecraft:bricks":31,"nefdecomod:bottlesx_3":1,"minecraft:lantern":4,"minecraft:grass_block":55,"supplementaries:goblet":2,"minecraft:barrel":3,"quark:spruce_vertical_slab":10,"nefdecomod:n_compass":1,"minecraft:bow":13,"quark:oak_vertical_slab":8,"supplementaries:statue":1,"minecraft:cooked_beef":4,"create:granite_bricks":8,"minecraft:end_rod":10,"supplementaries:sack":3,"nefdecomod:map":1,"supplementaries:flag_white":1,"minecraft:lodestone":1,"valhelsia_structures:light_blue_glazed_jar":1,"minecraft:stone_pickaxe":129,"minecraft:baked_potato":7,"minecraft:oak_planks":78,"quark:birch_trapped_chest":1,"nefdecomod:boat_in_bottle":2,"minecraft:wooden_pickaxe":11,"nefdecomod:onions":6,"minecraft:golden_apple":5,"minecraft:crafting_table":2,"nefdecomod:meal_01":1,"supplementaries:brass_lantern":18,"nefdecomod:books_3":3,"minecraft:apple":10,"quark:deepslate_bricks":23,"create:weathered_limestone_bricks":68,"aquaculture:carp":1,"minecraft:bread":4,"minecraft:iron_pickaxe":45,"valhelsia_structures:lime_glazed_jar":1,"minecraft:spruce_trapdoor":2,"forbidden_arcanus:edelwood_ladder":16,"minecraft:stone_axe":20,"quark:brick_vertical_slab":16,"minecraft:potion":6,"minecraft:grass_path":7,"minecraft:white_concrete":176}},"DataVersion":2586}