{"stats":{"minecraft:killed":{"minecraft:cave_spider":1,"vampirism:vampire":11,"minecraft:vex":1,"iceandfire:hippogryph":1,"aquaculture:bluegill":6,"vampirism:advanced_vampire":1,"alexsmobs:raccoon":1,"minecraft:spider":35,"aquaculture:smallmouth_bass":1,"quark:forgotten":1,"minecraft:skeleton":22,"vampirism:blinding_bat":6,"minecraft:silverfish":9,"ars_nouveau:summon_wolf":3,"mysticalworld:clam":1,"aquaculture:carp":2,"artifacts:mimic":2,"minecraft:husk":1,"minecraft:pig":1,"minecraft:zombie_villager":1,"minecraft:bat":1,"minecraft:pillager":1,"aquaculture:minnow":1,"minecraft:zombie":51,"ars_nouveau:wilden_stalker":1,"minecraft:stray":11,"ars_nouveau:wilden_hunter":1,"minecraft:cow":2},"minecraft:mined":{"minecraft:spruce_planks":1,"minecraft:mossy_cobblestone":1,"minecraft:dark_oak_log":1,"mysticalworld:copper_ore":13,"nefdecomod:red_mushroom":1,"gravestone:gravestone":12,"minecraft:grass_block":4,"quark:birch_trapped_chest":1,"minecraft:spawner":36,"minecraft:hay_block":24,"farmersdelight:wild_onions":4,"minecraft:tall_seagrass":1,"iceandfire:copper_ore":4,"minecraft:mossy_cobblestone_stairs":2,"mysticalworld:tin_ore":7,"minecraft:iron_ore":21,"minecraft:barrel":9,"create:copper_ore":25,"minecraft:gold_block":15,"nefdecomod:meal_01":1,"minecraft:mossy_stone_brick_stairs":1,"minecraft:iron_bars":11,"minecraft:stone":22,"minecraft:bone_block":14,"astralsorcery:marble_bricks":23,"minecraft:quartz_block":7,"quark:oak_chest":2,"minecraft:crafting_table":2,"minecraft:torch":2,"supplementaries:sack":1,"minecraft:tall_grass":2,"minecraft:lapis_ore":6,"minecraft:wall_torch":2,"minecraft:seagrass":1,"valhelsia_structures:bone_pile":1,"minecraft:birch_log":10,"minecraft:sweet_berry_bush":12,"minecraft:spruce_log":1,"minecraft:birch_leaves":2,"minecraft:yellow_bed":1,"astralsorcery:marble_raw":1,"minecraft:grass":7,"minecraft:oak_log":10,"minecraft:coal_ore":51,"minecraft:dirt":22,"nefdecomod:wild_onions":2,"minecraft:cobweb":5,"minecraft:stonecutter":1,"minecraft:oak_leaves":105,"quark:root":2},"minecraft:crafted":{"minecraft:furnace":1,"minecraft:stone_pickaxe":1,"vampirism:stake":1,"minecraft:crafting_table":2,"minecraft:wooden_pickaxe":1,"minecraft:iron_sword":1,"minecraft:birch_planks":4,"minecraft:stone_axe":1,"minecraft:air":367,"minecraft:stick":12,"minecraft:stone_sword":1,"minecraft:torch":4},"minecraft:dropped":{"minecraft:wheat_seeds":1,"minecraft:glass_bottle":1,"minecraft:iron_helmet":1,"minecraft:feather":1,"minecraft:lead":1,"minecraft:chainmail_helmet":1,"vampirism:hunter_coat_feet_ultimate":1,"minecraft:torch":31,"minecraft:iron_leggings":1,"gravestone:obituary":13,"minecraft:golden_chestplate":1,"astralsorcery:marble_bricks":1,"minecraft:chainmail_chestplate":1,"minecraft:shield":1,"vampirism:vampire_blood_bottle":1,"minecraft:bow":1},"minecraft:picked_up":{"minecraft:iron_chestplate":1,"minecraft:crafting_table":2,"minecraft:allium":7,"minecolonies:scroll_buff":2,"iceandfire:copper_ore":4,"artifacts:bunny_hoppers":2,"minecraft:lead":1,"minecraft:gold_block":15,"minecraft:potion":1,"usefulbackpacks:backpack_medium":1,"minecraft:diamond_horse_armor":2,"gravestone:obituary":3,"minecraft:shield":1,"iceandfire:manuscript":5,"minecraft:string":31,"artifacts:power_glove":1,"nefdecomod:onions":6,"minecraft:red_nether_bricks":2,"minecraft:iron_leggings":2,"aquaculture:bluegill":4,"minecraft:spruce_planks":1,"minecraft:beef":5,"minecraft:birch_sapling":2,"minecraft:spruce_trapdoor":1,"minecraft:egg":1,"minecraft:iron_boots":3,"minecraft:tipped_arrow":3,"botania:lexicon":1,"minecraft:stick":23,"supplementaries:brass_lantern":1,"forbidden_arcanus:aureal_bottle":2,"minecraft:torch":15,"minecraft:porkchop":3,"mysticalworld:silkworm_egg":1,"vampirism:vampire_fang":4,"minecraft:golden_chestplate":1,"minecraft:arrow":63,"minecraft:rotten_flesh":67,"farmersdelight:onion":4,"ars_nouveau:worn_notebook":1,"minecraft:hay_block":24,"aquaculture:carp":1,"nefdecomod:meal_01":1,"minecraft:iron_bars":9,"forbidden_arcanus:spawner_scrap":27,"minecraft:bone_block":14,"minecraft:cobblestone":27,"minecraft:birch_log":10,"minecraft:leather_chestplate":2,"minecraft:feather":1,"vampirism:vampire_blood_bottle":1,"mysticalworld:copper_ore":26,"minecraft:leather":4,"minecraft:golden_leggings":1,"minecraft:red_mushroom":2,"mysticalworld:tin_ore":7,"minecraft:oak_log":10,"minecraft:chainmail_chestplate":2,"minecraft:yellow_bed":1,"minecraft:gunpowder":6,"minecraft:lapis_lazuli":39,"minecraft:paper":11,"minecraft:dirt":26,"quark:forgotten_hat":2,"minecraft:bone":50,"create:copper_ore":25,"minecraft:stone_bricks":4,"minecraft:stonecutter":1,"minecraft:bow":6,"minecraft:wheat_seeds":1,"vampirism:item_garlic":1,"minecraft:iron_ingot":2,"quark:tallow":1,"minecraft:iron_ore":21,"minecraft:mossy_stone_bricks":1,"aquaculture:minnow":1,"minecraft:fletching_table":1,"artifacts:antidote_vessel":1,"minecraft:iron_sword":1,"vampirism:armor_of_swiftness_feet_ultimate":1,"minecraft:mossy_stone_brick_stairs":1,"aquaculture:smallmouth_bass":1,"minecraft:music_disc_13":1,"minecraft:sweet_berries":29,"supplementaries:sack":10,"quark:birch_trapped_chest":2,"minecraft:gravel":5,"astralsorcery:marble_bricks":10,"guardscraft:crown":12,"minecraft:spruce_log":1,"quark:oak_chest":2,"minecraft:spider_eye":13,"minecraft:barrel":9,"minecraft:mossy_cobblestone":3,"minecraft:leather_helmet":1,"minecraft:diamond":1,"waystones:waystone":7,"minecraft:chainmail_leggings":1,"minecraft:iron_helmet":3,"minecraft:mossy_cobblestone_stairs":2,"minecraft:spruce_sign":1,"minecraft:chainmail_helmet":1,"minecraft:oak_sapling":13,"minecraft:netherrack":2,"minecraft:coal":114,"vampirism:armor_of_swiftness_chest_ultimate":1},"minecraft:custom":{"minecraft:interact_with_anvil":11,"minecraft:mob_kills":185,"minecraft:interact_with_crafting_table":11,"minecraft:open_barrel":81,"minecraft:eat_cake_slice":9,"minecraft:leave_game":3,"minecraft:time_since_death":5185,"minecraft:climb_one_cm":8426,"minecraft:sprint_one_cm":659862,"minecraft:walk_one_cm":681745,"minecraft:damage_blocked_by_shield":7528,"minecraft:drop":28,"minecraft:talked_to_villager":7,"minecraft:sneak_time":3452,"minecraft:deaths":11,"minecraft:walk_under_water_one_cm":14423,"minecraft:jump":1993,"minecraft:walk_on_water_one_cm":15970,"minecraft:interact_with_furnace":2,"minecraft:play_one_minute":332742,"minecraft:sleep_in_bed":3,"minecraft:time_since_rest":5214,"minecraft:waystone_activated":15,"minecraft:damage_taken":7536,"minecraft:damage_absorbed":214,"minecraft:trigger_trapped_chest":1,"minecraft:damage_dealt":33535,"minecraft:swim_one_cm":48985,"minecraft:fly_one_cm":781913,"minecraft:open_chest":189,"minecraft:crouch_one_cm":1060,"minecraft:fall_one_cm":89120,"minecraft:horse_one_cm":1523844},"minecraft:killed_by":{"minecraft:skeleton":2,"minecraft:zombie":7,"vampirism:vampire":1},"minecraft:broken":{"minecraft:golden_helmet":1,"minecraft:chainmail_leggings":1,"minecraft:stone_sword":1,"minecraft:iron_boots":1,"minecraft:iron_leggings":2,"vampirism:armor_of_swiftness_chest_ultimate":1,"minecraft:chainmail_helmet":1,"minecraft:golden_leggings":1,"minecraft:stone_pickaxe":1,"minecraft:shield":3,"minecraft:chainmail_chestplate":1,"minecraft:stone_axe":1,"minecraft:iron_sword":2,"minecraft:iron_helmet":2,"minecraft:golden_chestplate":1},"minecraft:used":{"nefdecomod:mug":2,"nefdecomod:bottles":2,"nefdecomod:cards":1,"quark:elder_sea_lantern":4,"minecraft:iron_bars":3,"minecraft:stone_sword":132,"supplementaries:hourglass":1,"nefdecomod:books":2,"quark:granite_bricks_vertical_slab":6,"nefdecomod:book_2":1,"minecraft:oak_sign":15,"minecraft:spruce_planks":133,"minecraft:shield":253,"minecraft:white_terracotta":4,"minecraft:iron_sword":648,"aquaculture:bluegill":3,"minecraft:rotten_flesh":2,"supplementaries:globe":3,"minecraft:torch":133,"supplementaries:candelabra":1,"minecraft:dirt":27,"minecraft:anvil":4,"supplementaries:firefly_jar":2,"minecraft:spruce_stairs":24,"quark:marble_bricks":11,"minecraft:bricks":31,"nefdecomod:bottlesx_3":1,"minecraft:lantern":4,"minecraft:iron_axe":13,"minecraft:grass_block":55,"supplementaries:goblet":2,"minecraft:barrel":3,"quark:spruce_vertical_slab":10,"nefdecomod:n_compass":1,"minecraft:bow":16,"quark:oak_vertical_slab":8,"minecraft:furnace":1,"supplementaries:statue":1,"minecraft:cooked_beef":6,"forbidden_arcanus:edelwood_bucket":1,"minecraft:end_rod":10,"create:granite_bricks":8,"supplementaries:sack":3,"nefdecomod:map":1,"supplementaries:flag_white":1,"minecraft:lodestone":1,"valhelsia_structures:light_blue_glazed_jar":1,"minecraft:birch_planks":3,"minecraft:stone_pickaxe":129,"minecraft:baked_potato":7,"minecraft:oak_planks":78,"minecraft:red_nether_bricks":2,"quark:birch_trapped_chest":1,"nefdecomod:boat_in_bottle":2,"minecraft:wooden_pickaxe":11,"nefdecomod:onions":6,"minecraft:fletching_table":1,"forbidden_arcanus:edelwood_water_bucket":9,"minecraft:golden_apple":6,"minecraft:crafting_table":4,"nefdecomod:meal_01":1,"supplementaries:brass_lantern":18,"vampirism:stake":6,"nefdecomod:books_3":3,"waystones:waystone":5,"minecraft:apple":10,"quark:deepslate_bricks":23,"create:weathered_limestone_bricks":68,"aquaculture:carp":1,"minecraft:bread":37,"minecraft:iron_pickaxe":137,"valhelsia_structures:lime_glazed_jar":1,"minecraft:spruce_trapdoor":2,"forbidden_arcanus:edelwood_ladder":16,"minecraft:stone_axe":129,"quark:brick_vertical_slab":16,"minecraft:potion":7,"minecraft:cobblestone":29,"aquaculture:smallmouth_bass":1,"minecraft:grass_path":7,"minecraft:yellow_bed":1,"quark:oak_chest":7,"minecraft:white_concrete":176}},"DataVersion":2586}