{"stats":{"minecraft:mined":{"botania:framed_livingwood":4,"iceandfire:podium_dark_oak":1,"botania:red_mystical_flower":4,"minecraft:red_nether_bricks":2,"valhelsia_structures:doused_torch":1,"minecraft:obsidian":4,"botania:light_gray_mystical_flower":15,"minecraft:spawner":171,"minecraft:tall_seagrass":1,"botania:purple_mystical_flower":6,"minecraft:mossy_cobblestone_stairs":2,"minecraft:fire":14,"minecraft:barrel":26,"minecraft:nether_brick_stairs":7,"minecraft:enchanting_table":1,"nefdecomod:meal_01":1,"minecraft:twisting_vines":2,"iceandfire:gold_pile":5,"botania:brown_mystical_flower":2,"botania:light_blue_mystical_flower":7,"botania:green_mystical_flower":4,"quark:potted_weeping_vines":1,"minecraft:torch":7,"quark:netherrack_speleothem":1,"farmersdelight:cabbages":1,"minecraft:sugar_cane":12,"botania:black_mystical_flower":11,"minecraft:skeleton_skull":14,"minecraft:repeater":1,"minecraft:wheat":4,"minecraft:wither_rose":2,"minecraft:stone_brick_stairs":2,"minecraft:grass":115,"minecraft:oak_fence_gate":1,"minecraft:birch_button":2,"nefdecomod:wild_onions":2,"minecraft:stonecutter":1,"minecraft:mossy_cobblestone":19,"farmersdelight:wild_carrots":20,"minecraft:dark_oak_log":1,"minecraft:sea_lantern":1,"quark:cobbled_deepslate":10,"minecraft:nether_bricks":27,"nefdecomod:red_mushroom":1,"minecraft:redstone_wire":16,"farmersdelight:wild_onions":11,"botania:magenta_mystical_flower":9,"minecraft:andesite":3,"minecraft:mossy_stone_brick_stairs":3,"minecraft:potatoes":4,"minecraft:cobblestone_slab":2,"minecraft:vine":33,"minecraft:bamboo":35,"minecraft:bone_block":15,"nefdecomod:wild_turnip":2,"vampirism:cursed_earth":28,"valhelsia_structures:stone":5,"botania:lime_mystical_flower":11,"minecraft:redstone_block":2,"minecraft:soul_sand":3,"quark:oak_chest":16,"minecraft:potted_lily_of_the_valley":1,"iceandfire:frozen_gravel":8,"minecraft:cornflower":8,"minecraft:tall_grass":20,"botania:livingwood":14,"minecraft:trapped_chest":1,"minecraft:spruce_log":1,"minecraft:birch_leaves":12,"quark:deepslate":28,"astralsorcery:marble_raw":4,"botania:white_mystical_flower":5,"iceandfire:silver_pile":21,"minecraft:gravel":4,"botania:gray_mystical_flower":2,"minecraft:cobweb":6,"minecraft:stone_bricks":13,"quark:root":4,"minecraft:spruce_planks":3,"minecraft:cobblestone_stairs":1,"mysticalworld:copper_ore":13,"botania:pink_double_flower":1,"minecraft:brewing_stand":1,"minecraft:spruce_trapdoor":1,"minecraft:grass_block":151,"iceandfire:lectern":1,"botania:apothecary_default":1,"minecraft:iron_ore":21,"botania:lime_double_flower":1,"create:copper_ore":25,"minecraft:anvil":1,"minecraft:azure_bluet":22,"minecraft:skeleton_wall_skull":1,"minecraft:iron_bars":87,"forbidden_arcanus:yellow_orchid":2,"nefdecomod:plant":2,"minecraft:spruce_slab":1,"astralsorcery:marble_bricks":61,"botania:orange_mystical_flower":3,"minecraft:quartz_block":56,"minecraft:twisting_vines_plant":1,"ars_nouveau:mana_berry_bush":1,"minecraft:poppy":1,"botania:hydroangeas":2,"iceandfire:frozen_dirt":5,"minecraft:cobblestone":29,"botania:blue_mystical_flower":4,"minecraft:slime_block":2,"minecraft:grindstone":1,"minecraft:oak_planks":2,"botania:blue_double_flower":1,"minecraft:iron_door":1,"minecraft:wall_torch":12,"minecraft:seagrass":1,"valhelsia_structures:bone_pile":1,"minecraft:birch_log":10,"minecraft:tnt":8,"minecraft:oak_log":69,"minecraft:dirt":88,"minecraft:dispenser":1,"minecraft:netherrack":55,"minecraft:oak_leaves":143,"iceandfire:lightning_lily":1,"minecraft:diamond_ore":1,"quark:grate":1,"minecraft:oak_door":1,"iceandfire:frozen_cobblestone":1,"minecraft:lever":1,"gravestone:gravestone":27,"guardscraft:recruitment_desk_melee":1,"quark:birch_trapped_chest":1,"farmersdelight:tomatoes":1,"minecraft:spruce_leaves":2,"minecraft:infested_chiseled_stone_bricks":1,"minecraft:large_fern":1,"minecraft:hay_block":33,"minecraft:furnace":1,"minecraft:carrots":28,"iceandfire:copper_ore":4,"mysticalworld:tin_ore":7,"minecraft:gold_block":19,"minecraft:bookshelf":44,"botania:livingrock":8,"astralsorcery:marble_chiseled":1,"astralsorcery:marble_pillar":3,"minecraft:stone":64,"botania:light_blue_double_flower":2,"valhelsia_structures:doused_wall_torch":1,"minecraft:redstone_wall_torch":6,"minecraft:scaffolding":1,"minecraft:oak_fence":17,"quark:spruce_bookshelf":4,"minecraft:crafting_table":4,"nefdecomod:cage":2,"supplementaries:sack":5,"minecraft:lapis_ore":6,"botania:white_double_flower":3,"minecraft:spruce_stairs":1,"botania:pink_mystical_flower":2,"botania:cyan_mystical_flower":2,"minecraft:lime_bed":2,"minecraft:redstone_torch":2,"minecraft:sweet_berry_bush":14,"minecraft:ice":33,"astralsorcery:altar_discovery":1,"minecraft:yellow_bed":1,"minecraft:coal_ore":51,"botania:yellow_mystical_flower":4,"quark:monster_box":2,"quark:spruce_chest":3,"minecraft:cracked_stone_bricks":49,"minecraft:mossy_stone_bricks":57},"minecraft:picked_up":{"minecraft:iron_chestplate":2,"minecraft:chainmail_boots":2,"minecraft:flower_pot":3,"minecraft:anvil":1,"iceandfire:copper_ore":4,"minecraft:birch_button":2,"minecraft:diamond_sword":3,"artifacts:bunny_hoppers":4,"minecraft:lead":1,"botania:livingwood":14,"minecraft:oak_stairs":3,"minecraft:wither_rose":2,"minecraft:enchanted_book":1,"minecraft:golden_shovel":1,"minecraft:brewing_stand":1,"iceandfire:manuscript":5,"minecraft:string":83,"minecraft:red_nether_bricks":8,"minecraft:pufferfish":1,"vampirism:obi_belt":5,"minecraft:gold_nugget":42,"minecraft:spruce_planks":8,"botania:hydroangeas":6,"quark:root_item":4,"minecraft:golden_helmet":3,"astralsorcery:altar_discovery":1,"forbidden_arcanus:aureal_bottle":2,"vampirism:amulet":1,"minecraft:golden_chestplate":3,"botania:white_mystical_flower":5,"iceandfire:lightning_lily":1,"vampirism:blood_bottle":3,"botania:livingrock":8,"farmersdelight:onion":11,"ars_nouveau:worn_notebook":1,"minecraft:red_tulip":9,"minecraft:bookshelf":30,"minecraft:iron_bars":88,"minecraft:birch_log":10,"minecraft:mossy_cobblestone_slab":1,"minecraft:feather":6,"minecraft:iron_door":3,"minecraft:water_bucket":1,"minecraft:brown_wool":1,"farmersdelight:tomato":2,"minecraft:twisting_vines":1,"minecraft:stonecutter":1,"apotheosis:digger_book":2,"artifacts:antidote_vessel":3,"minecraft:diamond_helmet":7,"minecraft:glowstone_dust":2,"botania:red_mystical_flower":3,"vampirism:ring":2,"apotheosis:null_book":2,"minecraft:ink_sac":2,"minecraft:fermented_spider_eye":2,"minecraft:barrel":26,"minecraft:trapped_chest":3,"ars_nouveau:wilden_horn":1,"quark:cobbled_deepslate":36,"minecraft:dispenser":1,"iceandfire:lectern":1,"minecraft:lever":1,"minecraft:chainmail_helmet":5,"alexsmobs:maggot":1,"minecraft:bricks":1,"minecraft:diamond_pickaxe":1,"minecraft:crafting_table":4,"astralsorcery:marble_pillar":3,"iceandfire:witherbone":8,"minecraft:leather_leggings":4,"apotheosis:weapon_book":2,"usefulbackpacks:backpack_medium":2,"gravestone:obituary":13,"minecraft:cornflower":10,"artifacts:power_glove":1,"iceandfire:frozen_splinters":3,"minecraft:flint_and_steel":1,"minecraft:compass":1,"minecraft:cracked_stone_bricks":52,"iceandfire:bestiary":1,"quark:spruce_chest":3,"vampirism:cursed_earth":28,"botania:pure_daisy":1,"minecraft:beef":22,"valhelsia_structures:doused_torch":2,"minecraft:poppy":5,"minecraft:spruce_slab":1,"minecraft:chest":2,"minecraft:birch_sapling":2,"minecraft:egg":2,"minecraft:oak_door":1,"botania:purple_mushroom":2,"farmersdelight:tomato_seeds":1,"minecraft:carrot":352,"minecraft:redstone":16,"minecraft:prismarine_crystals":2,"botania:black_lotus":2,"minecraft:tnt":8,"minecraft:diamond_chestplate":4,"minecraft:peony":12,"mysticalworld:aubergine_seeds":22,"botania:apothecary_default":1,"minecraft:diamond_boots":1,"minecraft:hay_block":33,"botania:blue_mystical_flower":3,"aquaculture:carp":2,"minecraft:gold_ingot":16,"botania:green_mystical_flower":2,"minecraft:mutton":24,"minecraft:bone_block":15,"minecraft:white_wool":36,"minecraft:lime_bed":2,"minecraft:birch_leaves":10,"vampirism:vampire_blood_bottle":32,"mysticalworld:copper_ore":26,"minecraft:red_mushroom":3,"ars_nouveau:wilden_wing":9,"minecraft:oak_log":73,"minecraft:golden_boots":3,"schoolsofmagic:letter_ccw":1,"quark:limestone":1,"minecraft:paper":19,"minecraft:spawner":2,"minecraft:stone_bricks":19,"nefdecomod:cage":1,"minecraft:oak_fence_gate":1,"minecraft:iron_ore":22,"minecraft:glass_bottle":1,"minecraft:iron_sword":2,"aquaculture:smallmouth_bass":1,"minecraft:sweet_berries":57,"quark:grate":1,"quark:birch_trapped_chest":2,"minecraft:gravel":22,"minecraft:spruce_sapling":11,"minecraft:spruce_log":1,"minecraft:leather_helmet":4,"minecraft:diamond_shovel":2,"nefdecomod:crop_turnip":2,"botania:orange_mystical_flower":2,"minecraft:diamond_axe":3,"botania:brown_mystical_flower":2,"minecraft:ender_pearl":1,"ars_nouveau:mana_berry":3,"minecraft:wheat":29,"minecraft:redstone_block":2,"quark:music_disc_drips":1,"minecraft:potion":2,"minecraft:stone_brick_stairs":2,"nefdecomod:onions":6,"minecraft:iron_leggings":4,"farmersdelight:cabbage":1,"minecraft:white_tulip":2,"minecraft:redstone_torch":10,"minecraft:cobblestone_slab":2,"minecraft:wooden_shovel":1,"minecraft:iron_pickaxe":4,"alexsmobs:raccoon_tail":2,"iceandfire:frozen_gravel":10,"astralsorcery:marble_raw":7,"farmersdelight:cabbage_seeds":2,"minecraft:iron_boots":9,"minecraft:furnace":1,"minecraft:tipped_arrow":21,"minecraft:stick":46,"botania:lexicon":1,"supplementaries:brass_lantern":1,"minecraft:oak_fence":21,"minecraft:torch":63,"botania:yellow_mystical_flower":3,"minecraft:spruce_stairs":1,"minecraft:porkchop":45,"mysticalworld:silkworm_egg":1,"forbidden_arcanus:yellow_orchid":8,"vampirism:vampire_fang":16,"quark:ancient_tome":1,"minecraft:quartz_block":39,"minecraft:rotten_flesh":232,"botania:light_gray_mystical_flower":11,"minecraft:obsidian":4,"minecraft:cobblestone":108,"minecraft:enchanting_table":1,"vampirism:vampire_book":2,"minecraft:leather_chestplate":6,"minecraft:repeater":1,"minecraft:andesite":3,"minecraft:golden_leggings":4,"minecraft:potato":20,"mysticalworld:tin_ore":7,"forbidden_arcanus:edelwood_water_bucket":1,"minecraft:lapis_lazuli":40,"minecraft:dirt":258,"minecraft:name_tag":21,"minecraft:leather_boots":3,"minecraft:bone":233,"create:copper_ore":25,"minecraft:orange_tulip":12,"minecraft:bow":19,"minecraft:wheat_seeds":65,"botania:pink_mystical_flower":2,"botania:purple_mystical_flower":4,"vampirism:item_garlic":1,"minecraft:grindstone":1,"minecraft:mossy_stone_bricks":64,"minecraft:fletching_table":1,"minecraft:bamboo":110,"minecraft:mossy_stone_brick_stairs":2,"vampirism:armor_of_swiftness_feet_ultimate":1,"minecraft:oak_planks":9,"minecraft:cooked_porkchop":1,"minecraft:music_disc_13":1,"minecraft:sand":1,"minecraft:nether_brick_stairs":9,"guardscraft:crown":60,"minecraft:lily_of_the_valley":1,"iceandfire:podium_dark_oak":1,"iceandfire:frozen_dirt":5,"minecraft:mossy_cobblestone":34,"minecraft:diamond":2,"minecraft:slime_block":2,"waystones:waystone":23,"minecraft:bone_meal":2,"minecraft:golden_apple":7,"minecraft:spruce_sign":1,"minecraft:emerald":1,"minecraft:oak_sapling":18,"minecraft:netherrack":56,"iceandfire:silver_nugget":174,"minecraft:oak_leaves":11,"minecraft:allium":19,"minecraft:azure_bluet":44,"minecraft:chicken":4,"minecolonies:scroll_buff":2,"minecraft:wooden_pickaxe":1,"minecraft:gold_block":19,"minecraft:diamond_horse_armor":2,"iceandfire:frozen_cobblestone":3,"minecraft:brick":16,"minecraft:shield":7,"minecraft:iron_axe":1,"botania:magenta_mystical_flower":8,"quark:spruce_bookshelf":4,"botania:mana_string":1,"aquaculture:bluegill":4,"apotheosis:scrap_tome":2,"botania:framed_livingwood":4,"apotheosis:armor_feet_book":2,"minecraft:sugar_cane":27,"minecraft:spruce_trapdoor":2,"botania:mana_bottle":2,"apotheosis:common_tome":2,"ars_nouveau:wixie_shards":1,"minecraft:stone_pressure_plate":3,"minecraft:arrow":232,"minecraft:weeping_vines":1,"botania:lime_mystical_flower":8,"quark:smooth_basalt":3,"minecraft:nether_bricks":30,"minecraft:saddle":1,"nefdecomod:meal_01":1,"forbidden_arcanus:spawner_scrap":137,"minecraft:skeleton_skull":15,"minecraft:leather":15,"quark:music_disc_rain":1,"minecraft:chainmail_chestplate":4,"minecraft:yellow_bed":1,"minecraft:gunpowder":22,"minecraft:cobblestone_stairs":1,"botania:light_blue_mystical_flower":4,"quark:forgotten_hat":3,"botania:black_mystical_flower":10,"vampirism:human_heart":1,"minecraft:iron_ingot":29,"quark:tallow":49,"aquaculture:minnow":2,"minecraft:soul_sand":3,"nefdecomod:plant":1,"minecraft:book":43,"minecraft:scaffolding":30,"nefdecomod:turnip":2,"supplementaries:sack":14,"minecraft:chiseled_stone_bricks":4,"guardscraft:recruitment_desk_melee":1,"astralsorcery:marble_bricks":38,"botania:white_petal":12,"quark:oak_chest":16,"minecraft:spider_eye":21,"astralsorcery:marble_chiseled":1,"minecraft:pumpkin_seeds":2,"minecraft:chainmail_leggings":6,"minecraft:iron_helmet":6,"minecraft:mossy_cobblestone_stairs":3,"minecraft:black_wool":1,"minecraft:coal":170,"vampirism:armor_of_swiftness_chest_ultimate":1},"minecraft:used":{"iceandfire:lectern":1,"quark:grate":5,"minecraft:dispenser":2,"quark:cobbled_deepslate":29,"minecraft:spruce_slab":1,"minecraft:poppy":3,"farmersdelight:cabbage":1,"minecraft:chest":2,"minecraft:rotten_flesh":14,"aquaculture:bluegill":3,"minecraft:soul_sand":2,"supplementaries:firefly_jar":2,"minecraft:grass_block":55,"guardscraft:recruitment_desk_melee":2,"minecraft:bow":209,"nefdecomod:plant":1,"minecraft:sweet_berries":82,"minecraft:oak_sapling":2,"minecraft:furnace":3,"astralsorcery:altar_discovery":1,"minecraft:egg":1,"minecraft:potato":9,"forbidden_arcanus:edelwood_bucket":9,"minecraft:mossy_stone_bricks":278,"valhelsia_structures:light_blue_glazed_jar":1,"nefdecomod:boat_in_bottle":2,"minecraft:wooden_pickaxe":11,"nefdecomod:onions":6,"minecraft:oak_leaves":9,"minecraft:golden_apple":22,"guardscraft:recruitment_lancer":1,"nefdecomod:books_3":3,"valhelsia_structures:lime_glazed_jar":1,"forbidden_arcanus:edelwood_ladder":16,"quark:brick_vertical_slab":16,"minecraft:diamond_sword":1169,"botania:pure_daisy":1,"minecraft:birch_log":4,"nefdecomod:mug":2,"nefdecomod:bottles":2,"quark:elder_sea_lantern":4,"minecraft:iron_bars":7,"minecraft:enchanting_table":2,"minecraft:stone_sword":132,"quark:granite_bricks_vertical_slab":6,"minecraft:cooked_salmon":12,"quark:spruce_bookshelf":10,"minecraft:netherrack":2,"minecraft:torch":691,"minecraft:brewing_stand":1,"minecraft:anvil":5,"minecraft:twisting_vines":1,"quark:marble_bricks":11,"iceandfire:podium_dark_oak":1,"nefdecomod:bottlesx_3":1,"minecraft:iron_axe":394,"minecraft:barrel":31,"minecraft:bamboo":15,"botania:mana_pool":1,"supplementaries:statue":1,"minecraft:trapped_chest":1,"minecraft:water_bucket":1,"astralsorcery:marble_chiseled":1,"minecraft:birch_planks":3,"botania:mana_spreader":1,"minecraft:fletching_table":1,"minecraft:cracked_stone_bricks":251,"forbidden_arcanus:edelwood_water_bucket":153,"minecraft:mossy_cobblestone":71,"minecraft:tnt":6,"minecraft:crafting_table":8,"vampirism:hunter_table":1,"nefdecomod:meal_01":1,"botania:apothecary_default":1,"minecraft:oak_log":10,"botania:framed_livingwood":4,"minecraft:diamond_pickaxe":204,"minecraft:cornflower":1,"create:weathered_limestone_bricks":68,"minecraft:iron_pickaxe":717,"minecraft:spruce_trapdoor":7,"minecraft:cobblestone":120,"minecraft:potion":35,"minecraft:cooked_porkchop":32,"quark:oak_chest":43,"supplementaries:hourglass":1,"minecraft:iron_shovel":186,"nefdecomod:books":2,"minecraft:oak_sign":15,"ars_nouveau:mana_berry":3,"minecraft:bone_block":1,"guardscraft:recruitment_swordman":1,"minecraft:shield":537,"minecraft:white_terracotta":4,"minecraft:iron_sword":1734,"quark:feeding_trough":1,"astralsorcery:marble_bricks":10,"supplementaries:globe":3,"supplementaries:candelabra":1,"minecraft:nether_bricks":23,"minecraft:carrot":157,"farmersdelight:tomato":2,"minecraft:bricks":31,"minecraft:lantern":4,"minecraft:mossy_cobblestone_slab":1,"supplementaries:goblet":2,"minecraft:stone_bricks":123,"nefdecomod:n_compass":1,"minecraft:birch_button":3,"minecraft:repeater":5,"minecraft:scaffolding":120,"quark:birch_bookshelf":2,"minecraft:skeleton_skull":10,"vampirism:weapon_table":1,"minecraft:end_rod":10,"minecraft:stone_pickaxe":129,"minecraft:oak_planks":82,"quark:birch_trapped_chest":1,"minecraft:diamond_axe":4,"minecraft:sugar_cane":14,"botania:fertilizer":9,"vampirism:stake":162,"astralsorcery:marble_raw":3,"minecraft:redstone_torch":10,"waystones:waystone":19,"minecraft:lever":2,"quark:deepslate_bricks":23,"minecraft:bread":141,"valhelsia_structures:doused_torch":2,"minecraft:iron_door":2,"minecraft:grindstone":1,"aquaculture:smallmouth_bass":1,"minecraft:white_concrete":176,"minecraft:bone_meal":176,"botania:hydroangeas":5,"minecraft:oak_fence":10,"nefdecomod:cards":1,"minecraft:flint_and_steel":14,"nefdecomod:book_2":1,"minecraft:redstone":21,"minecraft:spruce_planks":139,"minecraft:oak_door":1,"minecraft:dirt":194,"minecraft:spruce_stairs":24,"botania:twig_wand":17,"minecraft:bookshelf":29,"minecraft:red_tulip":1,"quark:spruce_chest":1,"quark:spruce_vertical_slab":10,"quark:oak_vertical_slab":8,"minecraft:cooked_beef":47,"minecraft:cooked_mutton":17,"supplementaries:sack":8,"create:granite_bricks":8,"nefdecomod:map":1,"minecraft:cobblestone_stairs":1,"supplementaries:flag_white":1,"minecraft:lodestone":1,"minecraft:baked_potato":14,"minecraft:red_nether_bricks":3,"astralsorcery:marble_pillar":3,"minecraft:stonecutter":1,"minecraft:cobblestone_slab":24,"minecraft:lime_bed":1,"supplementaries:brass_lantern":18,"minecraft:flower_pot":1,"minecraft:wooden_hoe":27,"minecraft:apple":61,"aquaculture:carp":2,"minecraft:stone_axe":129,"minecraft:bucket":3,"minecraft:grass_path":7,"minecraft:yellow_bed":1,"alexsmobs:animal_dictionary":1},"minecraft:broken":{"minecraft:diamond_helmet":2,"minecraft:iron_boots":5,"minecraft:iron_chestplate":1,"minecraft:iron_leggings":2,"vampirism:armor_of_swiftness_chest_ultimate":1,"minecraft:chainmail_boots":1,"minecraft:iron_sword":6,"minecraft:bow":1,"minecraft:chainmail_leggings":1,"minecraft:stone_sword":1,"vampirism:stake":1,"minecraft:chainmail_helmet":2,"minecraft:shield":7,"minecraft:iron_axe":1,"minecraft:iron_pickaxe":2,"minecraft:iron_helmet":3,"minecraft:golden_helmet":1,"minecraft:leather_leggings":1,"minecraft:golden_leggings":1,"minecraft:stone_pickaxe":1,"minecraft:diamond_boots":1,"minecraft:chainmail_chestplate":4,"minecraft:stone_axe":1,"vampirism:armor_of_swiftness_legs_ultimate":1,"minecraft:golden_chestplate":2,"minecraft:diamond_chestplate":2},"minecraft:crafted":{"botania:mana_pool":1,"botania:cosmetic_pink_flower_bud":1,"minecraft:lever":1,"guardscraft:recruitment_desk_melee":1,"minecraft:repeater":2,"botania:twig_wand":1,"minecraft:birch_fence_gate":1,"vampirism:stake":3,"botania:light_gray_petal":8,"minecraft:cooked_porkchop":31,"botania:livingwood_twig":1,"minecraft:wooden_hoe":1,"botania:framed_livingwood":4,"sereneseasons:calendar":1,"minecraft:iron_nugget":27,"botania:blue_petal":4,"minecraft:bone_meal":3,"quark:grate":1,"ars_nouveau:novice_spell_book":1,"minecraft:stone_pickaxe":1,"botania:light_blue_petal":2,"quark:feeding_trough":1,"minecraft:enchanting_table":1,"botania:mana_spreader":1,"botania:livingwood_planks":4,"minecraft:cobblestone_slab":6,"minecraft:stone":23,"vampirism:hunter_table":1,"minecraft:bow":1,"minecraft:white_banner":1,"minecraft:oak_slab":6,"minecraft:crafting_table":4,"minecraft:wooden_pickaxe":1,"minecraft:birch_planks":4,"minecraft:dispenser":1,"minecraft:spruce_trapdoor":8,"minecraft:paper":3,"minecraft:shield":1,"minecraft:stick":24,"minecraft:stone_sword":1,"botania:apothecary_default":1,"minecraft:wooden_sword":1,"minecraft:furnace":1,"minecraft:flint_and_steel":1,"botania:flower_bag":1,"botania:fertilizer":5,"minecraft:iron_sword":2,"minecraft:cooked_salmon":12,"minecraft:stone_axe":1,"vampirism:weapon_table":1,"minecraft:air":1726,"minecraft:white_dye":6,"botania:magenta_petal":2,"minecraft:torch":4},"minecraft:dropped":{"vampirism:human_heart":1,"minecraft:glass_bottle":7,"minecraft:cooked_porkchop":1,"iceandfire:frozen_dirt":5,"minecraft:cracked_stone_bricks":1,"vampirism:hunter_coat_feet_ultimate":1,"minecraft:golden_chestplate":1,"minecraft:wheat":1,"minecraft:rotten_flesh":4,"vampirism:vampire_blood_bottle":1,"botania:black_lotus":4,"ars_nouveau:wixie_shards":1,"minecraft:wheat_seeds":13,"minecraft:feather":1,"minecraft:iron_helmet":1,"minecraft:chainmail_helmet":1,"minecraft:ink_sac":2,"vampirism:cursed_earth":1,"minecraft:string":1,"iceandfire:frozen_cobblestone":3,"minecraft:iron_boots":2,"minecraft:name_tag":1,"iceandfire:frozen_splinters":3,"minecraft:wooden_shovel":1,"minecraft:bow":3,"botania:blue_petal":2,"minecraft:nether_brick_stairs":4,"nefdecomod:cage":1,"botania:cyan_petal":2,"gravestone:obituary":30,"botania:white_petal":16,"minecraft:gold_ingot":8,"minecraft:chainmail_chestplate":1,"minecraft:chiseled_stone_bricks":2,"minecraft:poppy":1,"minecraft:leather_chestplate":1,"minecraft:gunpowder":3,"minecraft:iron_bars":2,"minecraft:netherrack":50,"minecraft:water_bucket":1,"mysticalworld:aubergine_seeds":3,"botania:hydroangeas":1,"minecraft:lead":1,"iceandfire:frozen_gravel":10,"minecraft:torch":88,"minecraft:iron_door":1,"minecraft:iron_leggings":2,"botania:purple_mushroom":1,"astralsorcery:marble_bricks":1,"minecraft:shield":1,"botania:mana_bottle":2,"botania:magenta_mystical_flower":1,"minecraft:brick":8},"minecraft:killed_by":{"vampirism:advanced_vampire":1,"minecraft:zombie":10,"vampirism:vampire":1,"minecraft:stray":9,"iceandfire:fire_dragon":1,"minecraft:player":1,"minecraft:skeleton":4},"minecraft:custom":{"minecraft:interact_with_crafting_table":105,"minecraft:open_barrel":942,"minecraft:bell_ring":17,"minecraft:eat_cake_slice":9,"minecraft:leave_game":10,"minecraft:time_since_death":22404,"minecraft:damage_blocked_by_shield":18159,"minecraft:deaths":28,"minecraft:jump":11129,"minecraft:enchant_item":2,"minecraft:interact_with_furnace":46,"minecraft:sleep_in_bed":38,"minecraft:waystone_activated":38,"minecraft:damage_dealt":137593,"minecraft:inspect_dispenser":3,"minecraft:horse_one_cm":1523844,"minecraft:interact_with_anvil":16,"minecraft:sneak_time":11905,"minecraft:interact_with_lectern":3,"vampirism:win_village_capture":6,"minecraft:interact_with_stonecutter":1,"minecraft:time_since_rest":22434,"minecraft:swim_one_cm":112228,"minecraft:fly_one_cm":3197122,"minecraft:open_chest":1498,"minecraft:fall_one_cm":587211,"minecraft:animals_bred":11,"minecraft:sprint_one_cm":2759007,"minecraft:drop":139,"minecraft:talked_to_villager":26,"minecraft:interact_with_brewingstand":1,"minecraft:walk_on_water_one_cm":179660,"minecraft:play_one_minute":1645676,"minecraft:open_enderchest":1,"minecraft:crouch_one_cm":13192,"minecraft:mob_kills":761,"minecraft:climb_one_cm":81483,"minecraft:walk_one_cm":2885300,"vampirism:capture_village":5,"minecraft:walk_under_water_one_cm":59851,"minecraft:interact_with_grindstone":1,"minecraft:damage_taken":37231,"minecraft:damage_absorbed":843,"minecraft:trigger_trapped_chest":80,"vampirism:defend_village":1},"minecraft:killed":{"vampirism:vampire":56,"minecraft:cave_spider":10,"iceandfire:hippogryph":1,"vampirism:advanced_vampire":14,"aquaculture:smallmouth_bass":1,"minecraft:skeleton":119,"vampirism:blinding_bat":10,"minecraft:chicken":4,"minecraft:iron_golem":3,"minecraft:pillager":3,"minecraft:zombie":225,"minecraft:cow":10,"alexsmobs:raccoon":6,"vampirism:villager_converted":10,"mysticalworld:clam":1,"minecraft:husk":1,"iceandfire:ghost":1,"minecraft:zombified_piglin":1,"minecraft:witch":1,"minecraft:spider":68,"quark:forgotten":2,"minecraft:silverfish":25,"aquaculture:carp":2,"artifacts:mimic":2,"vampirism:task_master_vampire":5,"minecraft:pig":18,"minecraft:zombie_villager":1,"minecraft:creeper":9,"minecraft:sheep":12,"aquaculture:minnow":1,"minecraft:stray":43,"alexsmobs:fly":2,"minecraft:vex":1,"aquaculture:bluegill":6,"ars_nouveau:summon_wolf":9,"minecraft:drowned":3,"minecraft:bat":1,"ars_nouveau:wilden_stalker":11,"ars_nouveau:wilden_hunter":6,"minecraft:wither_skeleton":18}},"DataVersion":2586}