{"stats":{"minecraft:killed":{"vampirism:vampire":80,"minecraft:cave_spider":43,"iceandfire:hippogryph":1,"vampirism:advanced_vampire":20,"aquaculture:smallmouth_bass":1,"minecraft:shulker":10,"minecraft:skeleton":260,"vampirism:blinding_bat":13,"minecraft:guardian":2,"minecraft:chicken":4,"minecraft:magma_cube":31,"minecraft:iron_golem":3,"minecraft:ender_dragon":1,"minecraft:pillager":3,"minecraft:zombie":349,"minecraft:cow":10,"supplementaries:firefly":1,"vampirism:villager_converted":10,"mysticalworld:clam":1,"goblintraders:goblin_trader":1,"minecraft:husk":1,"iceandfire:ghost":1,"quark:wraith":2,"minecraft:enderman":3,"minecraft:witch":1,"minecraft:zombified_piglin":1,"minecraft:spider":76,"quark:forgotten":4,"minecraft:silverfish":68,"astralsorcery:flare":1,"minecraft:piglin_brute":2,"aquaculture:carp":2,"artifacts:mimic":2,"mysticalworld:silkworm":1,"minecraft:piglin":9,"vampirism:task_master_vampire":5,"minecraft:pig":20,"minecraft:zombie_villager":6,"minecraft:creeper":14,"vampirism:hunter":1,"minecraft:sheep":12,"aquaculture:minnow":1,"minecraft:stray":170,"minecraft:ghast":3,"minecraft:blaze":39,"minecraft:vex":2,"aquaculture:bluegill":6,"minecraft:phantom":17,"iceandfire:fire_dragon":1,"ars_nouveau:summon_wolf":10,"minecraft:drowned":8,"mysticalworld:endermini":3,"quark:foxhound":2,"minecraft:bat":2,"minecraft:hoglin":3,"ars_nouveau:wilden_stalker":23,"ars_nouveau:wilden_hunter":8,"minecraft:wither_skeleton":20},"minecraft:broken":{"minecraft:diamond_helmet":2,"minecraft:iron_boots":5,"minecraft:iron_chestplate":1,"minecraft:iron_leggings":2,"vampirism:armor_of_swiftness_chest_ultimate":1,"minecraft:chainmail_boots":1,"minecraft:iron_sword":6,"minecraft:bow":1,"minecraft:chainmail_leggings":1,"minecraft:stone_sword":1,"minecraft:diamond_leggings":2,"vampirism:stake":1,"minecraft:chainmail_helmet":2,"minecraft:shield":7,"minecraft:iron_axe":1,"minecraft:iron_pickaxe":2,"minecraft:iron_helmet":3,"minecraft:golden_helmet":1,"minecraft:leather_leggings":1,"minecraft:golden_leggings":1,"minecraft:stone_pickaxe":1,"minecraft:diamond_boots":1,"minecraft:chainmail_chestplate":4,"minecraft:stone_axe":1,"vampirism:armor_of_swiftness_legs_ultimate":1,"minecraft:golden_chestplate":2,"minecraft:diamond_chestplate":2},"minecraft:picked_up":{"minecraft:iron_chestplate":20,"minecraft:chainmail_boots":18,"iceandfire:copper_ore":12,"minecraft:flower_pot":3,"minecraft:anvil":3,"minecraft:prismarine_shard":13,"artifacts:bunny_hoppers":7,"minecraft:lead":2,"minecraft:diamond_sword":8,"minecraft:oak_stairs":3,"botania:livingwood":23,"minecraft:golden_shovel":1,"minecraft:wither_rose":15,"minecraft:enchanted_book":76,"minecraft:birch_button":2,"minecraft:golden_sword":1,"croptopia:calamari":1,"minecraft:brewing_stand":1,"botania:mana_tablet":8,"forbidden_arcanus:xpetrified_orb":21,"iceandfire:manuscript":5,"minecraft:string":128,"minecraft:red_nether_bricks":10,"minecraft:pufferfish":1,"mysticalworld:raw_squid":1,"ars_nouveau:mana_gem":39,"minecraft:beetroot":4,"vampirism:obi_belt":6,"ars_nouveau:glyph_fell":1,"minecraft:diamond_leggings":14,"minecraft:gold_nugget":76,"minecraft:spruce_planks":8,"minecraft:horn_coral_block":1,"botania:hydroangeas":14,"quark:root_item":7,"minecraft:melon_slice":8,"minecraft:coal_block":1,"minecraft:diamond_ore":9,"minecraft:golden_helmet":12,"astralsorcery:altar_discovery":1,"astralsorcery:rock_crystal":3,"forbidden_arcanus:aureal_bottle":2,"forbidden_arcanus:arcane_crystal_ore":9,"create:andesite_casing":1,"iceandfire:silver_ore":35,"mysticalworld:aubergine":22,"minecraft:golden_axe":1,"astralsorcery:glass_lens":1,"vampirism:amulet":2,"minecraft:golden_chestplate":13,"nethers_delight:hoglin_sirloin":5,"botania:white_mystical_flower":11,"iceandfire:lightning_lily":1,"vampirism:hunter_table":2,"botania:manasteel_ingot":10,"vampirism:blood_bottle":8,"botania:livingrock":25,"farmersdelight:onion":11,"ars_nouveau:worn_notebook":1,"ars_nouveau:apprentice_spell_book":2,"minecraft:iron_block":7,"minecraft:red_tulip":9,"minecraft:bookshelf":47,"minecraft:end_rod":4,"ars_nouveau:mana_jar":17,"minecraft:netherite_chestplate":1,"minecraft:blaze_rod":13,"minecraft:iron_bars":114,"quark:marble":81,"minecraft:snowball":117,"minecraft:birch_log":84,"minecraft:mossy_cobblestone_slab":1,"vampirism:weapon_table":2,"minecraft:feather":6,"ars_nouveau:mana_bloom":4,"minecraft:iron_door":3,"minecraft:water_bucket":2,"minecraft:brown_wool":1,"minecraft:smoker":1,"mysticalworld:lead_ore":117,"minecraft:flint":23,"minecraft:netherite_leggings":1,"farmersdelight:tomato":7,"minecraft:lantern":1,"forbidden_arcanus:chorus_pearl":3,"minecraft:twisting_vines":9,"minecraft:chipped_anvil":2,"minecraft:stonecutter":1,"apotheosis:digger_book":2,"forbidden_arcanus:rune":9,"quark:soul_bead":2,"artifacts:antidote_vessel":3,"minecraft:diamond_helmet":24,"minecraft:glowstone_dust":2,"forbidden_arcanus:nipa":1,"botania:mana_pool":1,"botania:red_mystical_flower":3,"vampirism:ring":4,"ars_nouveau:glyph_bounce":1,"astralsorcery:marble_slab":7,"iceandfire:dragon_skull_fire":1,"iceandfire:shiny_scales":9,"apotheosis:null_book":2,"minecraft:ink_sac":2,"minecraft:fermented_spider_eye":2,"minecraft:trapped_chest":3,"minecraft:barrel":32,"ars_nouveau:wilden_horn":2,"quark:cobbled_deepslate":4916,"inventorypets:pet_anvil":1,"forbidden_arcanus:edelwood_log":8,"minecraft:dispenser":1,"iceandfire:lectern":1,"minecraft:lever":10,"ars_nouveau:glyph_summon_steed":1,"forbidden_arcanus:cherrywood_sapling":2,"minecraft:chainmail_helmet":17,"minecraft:bricks":1,"minecraft:diamond_pickaxe":5,"iceandfire:siren_tear":1,"minecraft:crafting_table":5,"astralsorcery:marble_pillar":3,"iceandfire:witherbone":8,"forbidden_arcanus:cherrywood_log":11,"minecraft:clay_ball":358,"minecraft:leather_leggings":13,"apotheosis:weapon_book":2,"quark:marble_slab":50,"usefulbackpacks:backpack_medium":3,"minecraft:dragon_head":2,"gravestone:obituary":39,"minecraft:purpur_block":2,"mysticalworld:cooked_aubergine":7,"minecraft:cornflower":10,"iceandfire:frozen_splinters":3,"minecraft:elytra":5,"botania:endoflame":1,"artifacts:power_glove":1,"minecraft:flint_and_steel":1,"minecraft:netherite_scrap":1,"minecraft:compass":1,"minecraft:iron_shovel":5,"supplementaries:bomb":3,"minecraft:cracked_stone_bricks":57,"iceandfire:bestiary":1,"quark:spruce_chest":3,"vampirism:cursed_earth":84,"botania:pure_daisy":2,"minecraft:beef":22,"valhelsia_structures:doused_torch":2,"minecraft:iron_nugget":40,"minecraft:poppy":7,"minecraft:spruce_slab":1,"minecraft:chest":3,"minecraft:birch_sapling":21,"minecraft:piston":1,"minecraft:egg":2,"minecraft:stone":957,"minecraft:oak_door":4,"botania:purple_mushroom":2,"farmersdelight:tomato_seeds":1,"minecraft:carrot":492,"minecraft:redstone":1671,"minecraft:prismarine_crystals":17,"botania:black_lotus":2,"ars_nouveau:green_archwood_log":49,"minecraft:tnt":8,"ars_nouveau:magic_clay":1,"botania:runic_altar":1,"minecraft:diamond_chestplate":5,"minecraft:cooked_cod":17,"minecraft:beetroot_seeds":24,"minecraft:peony":12,"botania:apothecary_default":2,"mysticalworld:aubergine_seeds":80,"minecraft:diamond_boots":9,"minecraft:hay_block":59,"botania:blue_mystical_flower":3,"aquaculture:carp":2,"minecraft:gold_ingot":246,"minecraft:lapis_ore":8,"botania:green_mystical_flower":2,"minecraft:mutton":24,"minecraft:white_wool":36,"minecraft:bone_block":15,"quark:music_disc_wind":1,"minecraft:oxeye_daisy":1,"minecraft:lime_bed":4,"minecraft:birch_leaves":10,"ars_nouveau:glyph_summon_wolves":1,"vampirism:vampire_blood_bottle":37,"iceandfire:sea_serpent_fang":21,"mysticalworld:copper_ore":45,"minecraft:tripwire_hook":1,"minecraft:red_mushroom":7,"ars_nouveau:wilden_wing":14,"create:weathered_limestone_cobblestone":34,"minecraft:oak_log":157,"minecraft:lily_pad":18,"minecraft:ancient_debris":1,"minecraft:golden_boots":17,"quark:limestone":1,"inventorypets:nugget_emerald":4,"minecraft:paper":19,"minecraft:spawner":17,"minecraft:apple":7,"minecraft:stone_bricks":40,"minecraft:kelp":2,"minecraft:oak_fence_gate":1,"minecraft:stone_pickaxe":3,"minecraft:iron_ore":417,"minecraft:glass_bottle":1,"minecraft:iron_sword":7,"botania:mana_spreader":1,"forbidden_arcanus:darkstone":24,"aquaculture:smallmouth_bass":1,"iceandfire:sea_serpent_scales_green":16,"minecraft:sweet_berries":75,"quark:grate":1,"quark:birch_trapped_chest":2,"minecraft:gravel":220,"minecraft:spruce_sapling":11,"minecraft:spruce_log":1,"minecraft:dragon_egg":2,"minecraft:leather_helmet":18,"mysticalworld:quicksilver_ore":12,"forbidden_arcanus:arcane_crystal":87,"minecraft:diamond_shovel":5,"minecraft:coal_ore":116,"botania:orange_mystical_flower":12,"minecraft:redstone_ore":9,"minecraft:diamond_axe":4,"minecraft:baked_potato":13,"botania:brown_mystical_flower":2,"ars_nouveau:mana_berry":3,"minecraft:ender_pearl":12,"minecraft:shulker_shell":11,"ars_nouveau:caster_tome":3,"minecraft:wheat":38,"minecraft:redstone_block":2,"quark:music_disc_drips":1,"minecraft:potion":33,"minecraft:brain_coral_block":1,"minecraft:stone_brick_stairs":2,"vampirism:pure_salt_water":1,"ars_nouveau:glyph_freeze":1,"ars_nouveau:glyph_craft":1,"botania:mana_pearl":3,"mysticalworld:silk_cocoon":3,"minecraft:netherite_ingot":1,"minecraft:iron_leggings":18,"minecraft:armor_stand":1,"minecraft:oak_sign":2,"create:mechanical_press":2,"farmersdelight:cabbage":22,"minecraft:white_tulip":2,"minecraft:redstone_torch":14,"minecraft:cobblestone_slab":2,"minecraft:wooden_shovel":2,"minecraft:iron_pickaxe":7,"iceandfire:frozen_gravel":10,"astralsorcery:marble_raw":196,"farmersdelight:cabbage_seeds":49,"minecraft:iron_boots":18,"minecraft:furnace":2,"minecraft:tipped_arrow":192,"minecraft:stick":89,"botania:lexicon":1,"supplementaries:brass_lantern":1,"minecraft:oak_fence":21,"minecraft:torch":201,"botania:yellow_mystical_flower":3,"minecraft:spruce_stairs":1,"ars_nouveau:glyph_snare":1,"minecraft:porkchop":49,"mysticalworld:silkworm_egg":14,"forbidden_arcanus:yellow_orchid":8,"vampirism:vampire_fang":25,"quark:ancient_tome":1,"minecraft:quartz_block":39,"minecraft:rotten_flesh":684,"botania:light_gray_mystical_flower":11,"minecraft:obsidian":5,"minecraft:cod":4,"minecraft:cobblestone":4571,"minecraft:enchanting_table":1,"forbidden_arcanus:stellarite_piece":2,"minecraft:leather_chestplate":21,"vampirism:vampire_book":2,"minecraft:magma_cream":2,"minecraft:repeater":6,"minecraft:andesite":278,"minecraft:golden_leggings":14,"minecraft:potato":195,"mysticalworld:tin_ore":48,"forbidden_arcanus:edelwood_water_bucket":1,"mysticalworld:young_pearl":2,"minecraft:lapis_lazuli":560,"minecraft:dirt":570,"minecraft:name_tag":21,"botania:mana_diamond":1,"minecraft:leather_boots":12,"minecraft:bone":964,"botania:cyan_mystical_flower":7,"create:copper_ore":75,"ars_nouveau:glyph_sensitive":1,"minecraft:wheat_seeds":96,"minecraft:bow":76,"minecraft:orange_tulip":12,"botania:pink_mystical_flower":2,"botania:purple_mystical_flower":4,"vampirism:item_garlic":1,"minecraft:grindstone":1,"mysticalworld:sapphire":34,"minecraft:mossy_stone_bricks":119,"minecraft:fletching_table":1,"minecraft:bamboo":2337,"minecraft:oak_planks":13,"vampirism:armor_of_swiftness_feet_ultimate":1,"minecraft:mossy_stone_brick_stairs":2,"mysticalworld:sapphire_ore":2,"quark:feeding_trough":1,"minecraft:cooked_porkchop":1,"minecraft:music_disc_13":1,"create:cogwheel":13,"ars_nouveau:glyph_ignite":1,"mysticalworld:silver_ore":132,"minecraft:poisonous_potato":1,"minecraft:sand":34,"minecraft:melon":2,"minecraft:shulker_box":8,"minecraft:nether_brick_stairs":11,"minecraft:lily_of_the_valley":1,"iceandfire:podium_dark_oak":1,"iceandfire:frozen_dirt":5,"minecraft:mossy_cobblestone":49,"forbidden_arcanus:ender_pearl_fragment":19,"minecraft:clay":2,"minecraft:diamond":161,"minecraft:slime_block":2,"minecraft:netherite_helmet":1,"waystones:waystone":45,"minecraft:crossbow":1,"minecraft:bone_meal":4,"minecraft:golden_apple":7,"minecraft:spruce_sign":1,"minecraft:emerald":2,"minecraft:oak_sapling":44,"minecraft:netherrack":158,"minecraft:chorus_fruit":17,"iceandfire:silver_nugget":174,"minecraft:oak_leaves":44,"minecraft:end_stone_bricks":6,"minecraft:allium":19,"minecraft:end_stone_brick_stairs":1,"minecraft:azure_bluet":44,"minecraft:splash_potion":3,"minecraft:chicken":4,"minecolonies:scroll_buff":2,"iceandfire:fire_lily":1,"minecraft:wooden_pickaxe":3,"minecraft:gold_block":63,"minecraft:diamond_horse_armor":3,"iceandfire:frozen_cobblestone":3,"minecraft:chain":11,"minecraft:shield":28,"minecraft:brick":16,"minecraft:oak_trapdoor":3,"minecraft:iron_axe":3,"botania:magenta_mystical_flower":8,"quark:spruce_bookshelf":11,"botania:mana_string":1,"aquaculture:bluegill":4,"apotheosis:scrap_tome":2,"botania:framed_livingwood":4,"apotheosis:armor_feet_book":2,"ars_nouveau:mana_bloom_crop":4,"botania:cosmetic_pink_flower_bud":5,"create:zinc_ore":117,"minecraft:observer":2,"astralsorcery:hand_telescope":1,"ars_nouveau:arcane_ore":9,"minecraft:sugar_cane":124,"minecraft:spruce_trapdoor":13,"minecraft:phantom_membrane":8,"minecraft:end_stone":83,"iceandfire:dragonbone":40,"iceandfire:dragonscales_gray":9,"ars_nouveau:glyph_underfoot":1,"botania:mana_bottle":4,"apotheosis:common_tome":2,"create:hand_crank":1,"iceandfire:deathworm_egg_giant":1,"ars_nouveau:wixie_shards":1,"minecraft:stone_pressure_plate":3,"ars_nouveau:glyph_shield":1,"minecraft:arrow":1035,"minecraft:weeping_vines":1,"botania:lime_mystical_flower":8,"quark:smooth_basalt":40,"minecraft:nether_bricks":56,"minecraft:saddle":11,"ars_nouveau:glyph_rune":1,"ars_nouveau:glyph_conjure_water":1,"forbidden_arcanus:spawner_scrap":155,"minecraft:skeleton_skull":20,"minecraft:netherite_boots":1,"minecraft:salmon":6,"minecraft:leather":23,"forbidden_arcanus:zombie_arm":2,"quark:music_disc_rain":1,"minecraft:chainmail_chestplate":24,"minecraft:yellow_bed":1,"iceandfire:dragonegg_gray":1,"minecraft:gunpowder":45,"minecraft:cobblestone_stairs":1,"quark:forgotten_hat":15,"botania:light_blue_mystical_flower":4,"botania:black_mystical_flower":10,"forbidden_arcanus:arcane_crystal_dust_speck":1,"ars_nouveau:green_archwood_sapling":1,"vampirism:human_heart":2,"quark:deepslate":491,"minecraft:iron_ingot":249,"quark:tallow":54,"aquaculture:minnow":2,"iceandfire:sea_serpent_scales_deepblue":5,"minecraft:soul_sand":6,"minecraft:book":45,"minecraft:scaffolding":30,"minecraft:emerald_block":1,"supplementaries:sack":15,"minecraft:chiseled_stone_bricks":4,"minecraft:quartz":178,"minecraft:dandelion":2,"astralsorcery:marble_bricks":49,"botania:white_petal":12,"minecraft:gold_ore":64,"quark:oak_chest":28,"minecraft:green_carpet":4,"minecraft:spider_eye":31,"astralsorcery:marble_chiseled":1,"minecraft:pumpkin_seeds":2,"ars_nouveau:glyph_grow":1,"minecraft:campfire":2,"ars_nouveau:glyph_press":1,"minecraft:chainmail_leggings":20,"create:encased_fan":16,"minecraft:iron_helmet":32,"iceandfire:sea_serpent_scales_red":3,"minecraft:mossy_cobblestone_stairs":3,"minecraft:damaged_anvil":1,"minecraft:black_wool":1,"minecraft:end_stone_brick_slab":1,"minecraft:coal":2372,"vampirism:armor_of_swiftness_chest_ultimate":1},"minecraft:custom":{"minecraft:interact_with_crafting_table":199,"minecraft:open_barrel":1529,"goblintraders:trade_with_goblin":121,"minecraft:bell_ring":21,"minecraft:eat_cake_slice":13,"minecraft:leave_game":33,"minecraft:time_since_death":385272,"minecraft:damage_blocked_by_shield":22781,"minecraft:deaths":77,"minecraft:jump":22890,"minecraft:enchant_item":34,"minecraft:interact_with_furnace":141,"minecraft:traded_with_villager":18,"minecraft:sleep_in_bed":89,"minecraft:waystone_activated":74,"minecraft:damage_dealt":407425,"minecraft:interact_with_smoker":2,"minecraft:inspect_dispenser":3,"minecraft:horse_one_cm":1826811,"minecraft:interact_with_anvil":64,"minecraft:inspect_hopper":7,"minecraft:sneak_time":22357,"minecraft:interact_with_lectern":3,"vampirism:win_village_capture":14,"minecraft:interact_with_stonecutter":1,"minecraft:time_since_rest":5397,"minecraft:swim_one_cm":292387,"minecraft:fly_one_cm":7797292,"minecraft:open_chest":3686,"minecraft:fall_one_cm":1697714,"minecraft:animals_bred":11,"minecraft:open_shulker_box":24,"minecraft:sprint_one_cm":4460205,"minecraft:drop":641,"minecraft:talked_to_villager":41,"minecraft:interact_with_brewingstand":10,"minecraft:walk_on_water_one_cm":437146,"minecraft:play_one_minute":3634865,"minecraft:open_enderchest":7,"minecraft:player_kills":6,"minecraft:crouch_one_cm":31104,"minecraft:mob_kills":2388,"minecraft:interact_with_campfire":34,"minecraft:climb_one_cm":106429,"minecraft:walk_one_cm":5549245,"vampirism:capture_village":6,"minecraft:walk_under_water_one_cm":278303,"minecraft:interact_with_grindstone":73,"minecraft:damage_taken":487665,"minecraft:damage_absorbed":995,"minecraft:trigger_trapped_chest":80,"minecraft:aviate_one_cm":10091397,"vampirism:defend_village":8},"minecraft:used":{"iceandfire:lectern":1,"minecraft:beetroot":1,"quark:grate":5,"minecraft:dispenser":2,"quark:cobbled_deepslate":443,"farmersdelight:cabbage_seeds":9,"minecraft:spruce_slab":1,"minecraft:poppy":4,"farmersdelight:cabbage":2,"minecraft:chest":28,"minecraft:stone":211,"minecraft:rotten_flesh":15,"aquaculture:bluegill":3,"vampirism:vampire_hunter_spawn_egg":1,"minecraft:soul_sand":5,"supplementaries:firefly_jar":2,"create:depot":1,"minecraft:snowball":41,"minecraft:lava_bucket":63,"minecraft:grass_block":83,"minecraft:bow":571,"mysticalworld:aubergine_seeds":6,"minecraft:cooked_cod":8,"mysticalworld:silkworm_egg":9,"minecraft:sweet_berries":92,"minecraft:furnace":4,"minecraft:oak_sapling":14,"minecraft:egg":1,"astralsorcery:altar_discovery":1,"minecraft:potato":54,"forbidden_arcanus:edelwood_bucket":24,"minecraft:mossy_stone_bricks":366,"minecraft:damaged_anvil":1,"botania:livingrock":1,"valhelsia_structures:light_blue_glazed_jar":1,"minecraft:wooden_pickaxe":11,"minecraft:composter":1,"minecraft:clay":1,"minecraft:oak_leaves":15,"minecraft:golden_apple":22,"quark:marble_slab":55,"quark:marble":1,"mysticalworld:sapphire_ore":2,"valhelsia_structures:lime_glazed_jar":1,"forbidden_arcanus:edelwood_ladder":16,"vampirism:cursed_earth":82,"minecraft:diamond_ore":9,"quark:brick_vertical_slab":16,"minecraft:diamond_sword":3792,"botania:pure_daisy":2,"minecraft:birch_log":13,"minecraft:ice":3,"minecraft:oak_trapdoor":3,"quark:elder_sea_lantern":4,"minecraft:iron_bars":7,"minecraft:stone_sword":132,"minecraft:enchanting_table":2,"minecraft:carved_pumpkin":3,"minecraft:armor_stand":1,"quark:granite_bricks_vertical_slab":6,"ars_nouveau:mana_jar":19,"minecraft:cooked_salmon":12,"quark:spruce_bookshelf":14,"minecraft:netherrack":104,"minecraft:torch":892,"minecraft:brewing_stand":1,"minecraft:anvil":13,"minecraft:twisting_vines":1,"quark:marble_bricks":11,"minecraft:nether_brick_stairs":1,"minecraft:chipped_anvil":1,"iceandfire:podium_dark_oak":1,"create:wrench":36,"minecraft:iron_axe":535,"minecraft:spawner":12,"minecraft:barrel":37,"minecraft:bamboo":28,"botania:mana_pool":2,"ars_nouveau:arcane_ore":9,"supplementaries:statue":1,"minecraft:trapped_chest":1,"farmersdelight:tomato_seeds":4,"minecraft:observer":2,"minecraft:wheat_seeds":16,"minecraft:water_bucket":9,"astralsorcery:marble_chiseled":1,"quark:deepslate":44,"botania:endoflame":1,"minecraft:birch_planks":3,"botania:mana_spreader":3,"minecraft:fletching_table":1,"minecraft:cracked_stone_bricks":319,"forbidden_arcanus:edelwood_water_bucket":261,"minecraft:mossy_cobblestone":161,"create:encased_fan":22,"minecraft:tnt":6,"minecraft:crafting_table":8,"supplementaries:bomb":11,"vampirism:hunter_table":3,"minecraft:campfire":2,"minecraft:cod":1,"botania:apothecary_default":2,"minecraft:oak_log":10,"minecraft:oxeye_daisy":1,"ars_nouveau:mana_bloom_crop":2,"minecraft:cornflower":1,"botania:framed_livingwood":4,"minecraft:diamond_pickaxe":785,"create:weathered_limestone_bricks":68,"apotheosis:hellshelf":5,"minecraft:iron_pickaxe":3991,"forbidden_arcanus:aureal_bottle":1,"minecraft:spruce_trapdoor":46,"minecraft:cobblestone":213,"minecraft:potion":53,"astralsorcery:marble_slab":260,"minecraft:cooked_porkchop":41,"quark:oak_chest":65,"minecraft:dandelion":1,"supplementaries:hourglass":1,"minecraft:iron_shovel":614,"minecraft:melon":2,"minecraft:oak_sign":23,"ars_nouveau:mana_berry":4,"minecraft:bone_block":1,"minecraft:shield":630,"quark:feeding_trough":1,"minecraft:white_terracotta":4,"minecraft:iron_sword":1734,"astralsorcery:marble_bricks":21,"forbidden_arcanus:chorus_pearl":3,"supplementaries:globe":3,"supplementaries:candelabra":1,"create:cogwheel":22,"minecraft:nether_bricks":56,"minecraft:carrot":245,"forbidden_arcanus:arcane_crystal_ore":9,"minecraft:obsidian":9,"minecraft:milk_bucket":1,"farmersdelight:tomato":2,"minecraft:bricks":31,"minecraft:coal_ore":116,"minecraft:lantern":4,"minecraft:mossy_cobblestone_slab":1,"supplementaries:goblet":2,"minecraft:stone_bricks":310,"quark:smooth_basalt":8,"minecraft:birch_button":3,"minecraft:repeater":11,"farmersdelight:cutting_board":1,"minecraft:scaffolding":120,"quark:birch_bookshelf":2,"minecraft:skeleton_skull":19,"botania:runic_altar":2,"minecraft:end_rod":11,"vampirism:weapon_table":3,"minecraft:stone_pickaxe":129,"minecraft:oak_planks":82,"quark:birch_trapped_chest":1,"minecraft:sugar_cane":14,"minecraft:diamond_axe":4,"botania:fertilizer":9,"vampirism:stake":173,"minecraft:crossbow":12,"astralsorcery:marble_raw":8,"minecraft:end_stone":4,"minecraft:sticky_piston":1,"minecraft:redstone_torch":10,"waystones:waystone":36,"minecraft:lever":12,"quark:deepslate_bricks":23,"minecraft:melon_slice":1,"minecraft:bread":214,"valhelsia_structures:doused_torch":2,"minecraft:gravel":3,"minecraft:iron_door":2,"create:andesite_casing":1,"minecraft:grindstone":1,"aquaculture:smallmouth_bass":1,"minecraft:andesite":18,"sereneseasons:season_sensor":1,"minecraft:white_concrete":176,"minecraft:bone_meal":203,"minecraft:cobweb":1,"minecraft:experience_bottle":3,"botania:hydroangeas":13,"minecraft:oak_fence":10,"minecraft:flint_and_steel":51,"minecraft:redstone_ore":9,"minecraft:redstone":45,"minecraft:spruce_planks":139,"minecraft:oak_door":9,"minecraft:dirt":429,"minecraft:hopper":1,"minecraft:spruce_stairs":24,"minecraft:shulker_box":10,"botania:twig_wand":40,"ars_nouveau:mana_condenser":1,"ars_nouveau:glyph_press":2,"minecraft:bookshelf":29,"minecraft:red_tulip":1,"quark:spruce_chest":2,"quark:iron_rod":2,"quark:spruce_vertical_slab":10,"minecraft:golden_carrot":81,"quark:oak_vertical_slab":8,"mysticalworld:cooked_aubergine":15,"minecraft:cooked_beef":72,"minecraft:cooked_mutton":36,"supplementaries:sack":9,"create:granite_bricks":8,"supplementaries:flag_white":1,"minecraft:lodestone":1,"minecraft:snow_block":7,"minecraft:cobblestone_stairs":1,"forbidden_arcanus:edelwood_lava_bucket":16,"minecraft:glass_bottle":12,"minecraft:baked_potato":119,"minecraft:red_nether_bricks":4,"astralsorcery:marble_pillar":3,"minecraft:stonecutter":1,"minecraft:cobblestone_slab":27,"minecraft:lime_bed":3,"supplementaries:brass_lantern":18,"nethers_delight:hoglin_sirloin":5,"minecraft:smoker":1,"farmersdelight:smoked_ham":1,"minecraft:flower_pot":1,"minecraft:piston":1,"minecraft:wooden_hoe":99,"minecraft:apple":64,"create:mechanical_press":3,"aquaculture:carp":2,"minecraft:chicken":1,"minecraft:lapis_ore":8,"minecraft:stone_slab":15,"quark:root_item":2,"minecraft:stone_axe":129,"minecraft:bucket":45,"minecraft:grass_path":7,"minecraft:yellow_bed":1,"create:hand_crank":2,"minecraft:wither_rose":15},"minecraft:dropped":{"minecraft:iron_sword":4,"vampirism:human_heart":1,"minecraft:glass_bottle":7,"minecraft:diamond":1,"minecraft:cooked_porkchop":1,"iceandfire:frozen_dirt":5,"minecraft:cracked_stone_bricks":1,"vampirism:hunter_coat_feet_ultimate":1,"minecraft:leather_helmet":13,"botania:mana_pearl":1,"quark:cobbled_deepslate":24,"vampirism:armor_of_swiftness_chest_normal":1,"minecraft:phantom_membrane":1,"ars_nouveau:apprentice_spell_book":1,"minecraft:golden_chestplate":12,"minecraft:wheat":1,"minecraft:obsidian":1,"minecraft:rotten_flesh":8,"quark:marble_slab":1,"minecraft:golden_shovel":1,"botania:manasteel_ingot":5,"vampirism:vampire_fang":1,"vampirism:vampire_blood_bottle":1,"minecraft:leather_boots":8,"minecraft:leather_leggings":6,"minecraft:red_nether_bricks":1,"minecraft:end_stone_bricks":3,"botania:brown_petal":2,"botania:black_lotus":4,"ars_nouveau:wixie_shards":1,"minecraft:enchanted_book":12,"minecraft:golden_boots":14,"minecraft:iron_ingot":6,"minecraft:wheat_seeds":15,"minecraft:end_stone_brick_slab":1,"minecraft:iron_helmet":26,"minecraft:feather":1,"minecraft:cobblestone":576,"minecraft:chainmail_helmet":16,"minecraft:coal":22,"minecraft:ink_sac":2,"vampirism:cursed_earth":1,"minecraft:diamond_helmet":2,"minecraft:potion":2,"minecraft:chainmail_leggings":11,"minecraft:iron_shovel":3,"minecraft:string":1,"ars_nouveau:caster_tome":1,"iceandfire:frozen_cobblestone":3,"vampirism:armor_of_swiftness_feet_normal":1,"minecraft:iron_boots":15,"minecraft:name_tag":1,"botania:mana_tablet":8,"minecraft:diamond_sword":1,"minecraft:stone":1,"iceandfire:frozen_splinters":3,"minecraft:wooden_shovel":2,"minecraft:stone_bricks":3,"minecraft:bow":41,"botania:blue_petal":4,"minecraft:nether_brick_stairs":4,"minecraft:golden_pickaxe":1,"minecraft:ender_pearl":2,"botania:cyan_petal":4,"vampirism:heart_seeker_enhanced":1,"gravestone:obituary":102,"botania:white_petal":16,"minecraft:gold_ingot":8,"minecraft:purpur_block":1,"quark:root_item":1,"minecraft:diamond_shovel":2,"minecraft:carrot":1,"minecraft:chainmail_chestplate":22,"minecraft:chiseled_stone_bricks":2,"minecraft:poppy":2,"minecraft:leather_chestplate":12,"minecraft:gunpowder":3,"quark:forgotten_hat":12,"minecraft:chainmail_boots":14,"minecraft:iron_bars":2,"minecraft:arrow":64,"minecraft:netherrack":50,"minecraft:water_bucket":1,"mysticalworld:aubergine_seeds":3,"minecraft:golden_helmet":11,"inventorypets:pet_anvil":1,"botania:red_petal":1,"minecraft:diamond_leggings":1,"astralsorcery:marble_raw":3,"botania:hydroangeas":1,"minecraft:lead":1,"iceandfire:frozen_gravel":10,"minecraft:torch":89,"minecraft:iron_door":1,"minecraft:iron_leggings":21,"minecraft:iron_axe":1,"vampirism:armor_of_swiftness_head_normal":1,"botania:purple_mushroom":1,"vampirism:armor_of_swiftness_head_ultimate":1,"botania:light_gray_petal":1,"vampirism:armor_of_swiftness_legs_normal":1,"astralsorcery:marble_bricks":1,"botania:cosmetic_pink_flower_bud":2,"vampirism:heart_striker_enhanced":1,"minecraft:shield":18,"minecraft:end_stone_brick_stairs":1,"minecraft:iron_chestplate":20,"minecraft:golden_leggings":10,"botania:mana_bottle":2,"minecraft:diamond_boots":1,"minecraft:wooden_pickaxe":1,"minecraft:stone_pickaxe":2,"botania:magenta_mystical_flower":1,"minecraft:brick":8},"minecraft:crafted":{"botania:mana_pool":1,"botania:cosmetic_pink_flower_bud":1,"minecraft:lever":2,"mysticalworld:lead_ingot":64,"minecraft:cooked_mutton":19,"botania:red_petal":2,"minecraft:glass":32,"minecraft:diamond_helmet":2,"minecraft:repeater":3,"botania:twig_wand":1,"astralsorcery:wand":1,"create:mechanical_press":1,"minecraft:birch_fence_gate":1,"inventorypets:pet_magma_cube":1,"minecraft:stone_pressure_plate":1,"vampirism:stake":3,"ars_nouveau:apprentice_spell_book":1,"create:cogwheel":8,"botania:light_gray_petal":10,"inventorypets:pet_ender_chest":1,"minecraft:emerald":40,"minecraft:cooked_porkchop":38,"minecraft:diamond_axe":1,"minecraft:sticky_piston":1,"botania:livingwood_twig":1,"create:encased_fan":1,"botania:runic_altar":1,"apotheosis:hellshelf":4,"ars_nouveau:glyph_press":1,"minecraft:wooden_hoe":1,"botania:mana_tablet":1,"quark:oak_chest":1,"botania:framed_livingwood":4,"usefulbackpacks:backpack_large":1,"sereneseasons:calendar":1,"minecraft:iron_block":2,"minecraft:gold_ingot":64,"create:propeller":1,"minecraft:composter":1,"create:wrench":1,"mysticalworld:silver_ingot":64,"minecraft:iron_nugget":27,"botania:blue_petal":6,"minecraft:bone_meal":3,"quark:grate":1,"ars_nouveau:novice_spell_book":1,"minecraft:stone_pickaxe":1,"botania:light_blue_petal":2,"minecraft:wheat":9,"quark:feeding_trough":1,"minecraft:enchanting_table":1,"botania:mana_spreader":2,"inventorypets:pet_pixie":1,"mysticalworld:copper_ingot":64,"sereneseasons:season_sensor":1,"forbidden_arcanus:arcane_crystal_dust":64,"create:shaft":8,"botania:livingwood_planks":4,"minecraft:cobblestone_slab":12,"mysticalworld:cooked_aubergine":8,"create:andesite_casing":4,"minecraft:stone":63,"vampirism:hunter_table":1,"minecraft:hopper":1,"minecraft:bow":5,"minecraft:stone_bricks":64,"minecraft:white_banner":1,"minecraft:oak_slab":12,"create:depot":1,"minecraft:crafting_table":4,"minecraft:wooden_pickaxe":1,"minecraft:baked_potato":106,"quark:iron_rod":1,"minecraft:birch_planks":4,"minecraft:dispenser":1,"farmersdelight:cutting_board":1,"minecraft:spruce_trapdoor":8,"minecraft:paper":6,"minecraft:diamond_pickaxe":1,"minecraft:shield":1,"minecraft:stick":32,"minecraft:iron_ingot":419,"minecraft:stone_sword":1,"botania:apothecary_default":1,"botania:brown_petal":2,"minecraft:wooden_sword":1,"minecraft:oak_door":3,"minecraft:coal":30,"ars_nouveau:magic_clay":2,"minecraft:furnace":1,"minecraft:piston":2,"minecraft:glass_pane":16,"minecraft:flint_and_steel":2,"inventorypets:pet_ocelot":1,"minecraft:iron_axe":2,"botania:flower_bag":1,"ars_nouveau:arcane_stone":8,"minecraft:observer":1,"minecraft:cooked_beef":16,"botania:fertilizer":5,"create:andesite_alloy":1,"create:hand_crank":1,"minecraft:diamond_sword":1,"botania:yellow_petal":2,"minecraft:iron_sword":2,"minecraft:cooked_salmon":12,"minecraft:stone_axe":1,"inventorypets:pet_purplicious_cow":1,"vampirism:weapon_table":1,"minecraft:air":3849,"minecraft:gold_nugget":9,"minecraft:white_dye":6,"botania:magenta_petal":2,"ars_nouveau:mana_condenser":1,"ars_nouveau:mana_jar":2,"minecraft:torch":4,"create:zinc_ingot":112},"minecraft:killed_by":{"vampirism:advanced_vampire":3,"minecraft:zombie":15,"vampirism:vampire":3,"minecraft:stray":9,"minecraft:guardian":1,"iceandfire:sea_serpent":1,"minecraft:piglin":1,"iceandfire:fire_dragon":15,"minecraft:player":21,"minecraft:enderman":1,"minecraft:skeleton":4,"minecraft:phantom":2},"minecraft:mined":{"minecraft:dragon_wall_head":2,"botania:mana_pool":1,"botania:framed_livingwood":4,"botania:red_mystical_flower":4,"iceandfire:podium_dark_oak":1,"create:andesite_casing":1,"minecraft:red_nether_bricks":3,"valhelsia_structures:doused_torch":1,"minecraft:obsidian":4,"mysticalworld:lead_ore":118,"vampirism:weapon_table":2,"minecraft:coal_block":1,"vampirism:hunter_table":2,"botania:light_gray_mystical_flower":15,"minecraft:spawner":191,"minecraft:tall_seagrass":3,"botania:purple_mystical_flower":6,"minecraft:mossy_cobblestone_stairs":2,"minecraft:barrel":32,"minecraft:fire":74,"minecraft:nether_brick_stairs":8,"nefdecomod:meal_01":1,"minecraft:enchanting_table":1,"minecraft:twisting_vines":2,"iceandfire:gold_pile":5,"botania:brown_mystical_flower":2,"botania:light_blue_mystical_flower":7,"create:mechanical_press":2,"ars_nouveau:mana_jar":17,"botania:green_mystical_flower":4,"create:cogwheel":13,"minecraft:kelp_plant":1,"minecraft:smoker":1,"quark:potted_weeping_vines":1,"minecraft:torch":76,"quark:netherrack_speleothem":1,"minecraft:melon":4,"mysticalworld:sapphire_ore":15,"farmersdelight:cabbages":1,"forbidden_arcanus:runestone":4,"astralsorcery:marble_slab":5,"minecraft:damaged_anvil":1,"minecraft:sugar_cane":52,"ars_nouveau:glyph_press":1,"botania:black_mystical_flower":11,"minecraft:skeleton_skull":19,"minecraft:repeater":6,"forbidden_arcanus:darkstone":24,"minecraft:wheat":5,"minecraft:stone_brick_stairs":2,"minecraft:wither_rose":4,"create:weathered_limestone":34,"minecraft:grass":245,"quark:feeding_trough":1,"minecraft:oak_fence_gate":1,"forbidden_arcanus:nipa":1,"create:hand_crank":1,"minecraft:birch_button":2,"nefdecomod:wild_onions":2,"minecraft:stonecutter":1,"minecraft:piston":1,"create:zinc_ore":117,"iceandfire:silver_ore":40,"forbidden_arcanus:stella_arcanum":2,"minecraft:mossy_cobblestone":34,"farmersdelight:wild_carrots":20,"minecraft:dark_oak_log":1,"minecraft:shulker_box":8,"minecraft:sea_lantern":1,"minecraft:end_stone":75,"quark:cobbled_deepslate":60,"nefdecomod:red_mushroom":1,"minecraft:nether_bricks":54,"minecraft:redstone_wire":35,"create:encased_fan":16,"farmersdelight:wild_cabbages":13,"minecraft:red_mushroom":3,"farmersdelight:wild_onions":11,"minecraft:redstone_ore":288,"botania:magenta_mystical_flower":9,"minecraft:snow":93,"minecraft:andesite":287,"mysticalworld:quicksilver_ore":13,"quark:smooth_basalt":38,"minecraft:mossy_stone_brick_stairs":3,"minecraft:potatoes":4,"minecraft:vine":35,"minecraft:cobblestone_slab":2,"botania:mana_spreader":1,"minecraft:bamboo":177,"minecraft:bone_block":15,"nefdecomod:wild_turnip":2,"vampirism:cursed_earth":85,"valhelsia_structures:stone":5,"botania:lime_mystical_flower":11,"minecraft:redstone_block":2,"minecraft:soul_sand":6,"quark:oak_chest":21,"minecraft:potted_lily_of_the_valley":1,"quark:marble_slab":49,"minecraft:observer":2,"iceandfire:frozen_gravel":8,"minecraft:cornflower":8,"ars_nouveau:mana_bloom_crop":2,"minecraft:campfire":2,"minecraft:tall_grass":31,"botania:livingwood":23,"minecraft:trapped_chest":1,"minecraft:spruce_log":1,"minecraft:birch_leaves":14,"quark:deepslate":5542,"astralsorcery:marble_raw":189,"botania:white_mystical_flower":11,"iceandfire:silver_pile":21,"minecraft:gravel":63,"minecraft:cobweb":8,"botania:gray_mystical_flower":2,"minecraft:stone_bricks":34,"minecraft:gold_ore":64,"minecraft:chipped_anvil":2,"quark:root":4,"minecraft:spruce_planks":3,"minecraft:andesite_stairs":1,"minecraft:cobblestone_stairs":1,"botania:pink_double_flower":1,"mysticalworld:copper_ore":32,"minecraft:brewing_stand":1,"minecraft:spruce_trapdoor":12,"minecraft:grass_block":364,"iceandfire:lectern":1,"forbidden_arcanus:cherrywood_log":1,"mysticalworld:silver_ore":134,"botania:apothecary_default":2,"minecraft:iron_ore":423,"botania:lime_double_flower":1,"create:copper_ore":75,"minecraft:anvil":3,"quark:iron_rod":1,"minecraft:azure_bluet":22,"minecraft:skeleton_wall_skull":1,"minecraft:red_tulip":1,"minecraft:iron_bars":97,"forbidden_arcanus:yellow_orchid":2,"minecraft:end_stone_bricks":5,"nefdecomod:plant":2,"minecraft:spruce_slab":1,"astralsorcery:marble_bricks":72,"botania:orange_mystical_flower":13,"minecraft:quartz_block":56,"minecraft:twisting_vines_plant":5,"ars_nouveau:mana_berry_bush":1,"minecraft:purpur_stairs":1,"minecraft:clay":90,"minecraft:end_stone_brick_slab":1,"minecraft:poppy":3,"botania:hydroangeas":5,"minecraft:chest":2,"iceandfire:frozen_dirt":5,"iceandfire:fire_lily":1,"minecraft:nether_quartz_ore":78,"minecraft:cobblestone":36,"minecraft:slime_block":2,"botania:blue_mystical_flower":4,"minecraft:grindstone":1,"minecraft:oak_planks":2,"botania:blue_double_flower":1,"minecraft:wall_torch":71,"minecraft:iron_door":1,"minecraft:seagrass":1,"valhelsia_structures:bone_pile":1,"minecraft:birch_log":15,"quark:marble":81,"minecraft:tnt":8,"minecraft:purpur_block":3,"minecraft:oak_log":77,"minecraft:sand":52,"minecraft:dirt":162,"minecraft:dispenser":1,"minecraft:ancient_debris":1,"minecraft:netherrack":159,"minecraft:oak_leaves":194,"minecraft:emerald_block":1,"iceandfire:lightning_lily":1,"minecraft:diamond_ore":67,"quark:grate":1,"minecraft:oak_door":2,"iceandfire:frozen_cobblestone":1,"minecraft:lever":6,"gravestone:gravestone":64,"ars_nouveau:phantom_block":2,"guardscraft:recruitment_desk_melee":2,"quark:birch_trapped_chest":1,"farmersdelight:tomatoes":1,"minecraft:spruce_leaves":2,"minecraft:infested_chiseled_stone_bricks":1,"minecraft:large_fern":1,"minecraft:hay_block":59,"forbidden_arcanus:arcane_crystal_ore":52,"minecraft:oak_trapdoor":4,"minecraft:furnace":2,"minecraft:carrots":28,"iceandfire:copper_ore":12,"mysticalworld:tin_ore":44,"botania:runic_altar":1,"minecraft:gold_block":46,"minecraft:bookshelf":61,"botania:livingrock":25,"botania:pure_daisy":1,"astralsorcery:marble_chiseled":1,"astralsorcery:marble_pillar":3,"minecraft:chorus_plant":2,"botania:light_blue_double_flower":2,"minecraft:stone":4657,"minecraft:redstone_wall_torch":6,"valhelsia_structures:doused_wall_torch":1,"minecraft:scaffolding":1,"ars_nouveau:green_archwood_log":2,"minecraft:oak_fence":17,"quark:spruce_bookshelf":11,"minecraft:crafting_table":5,"nefdecomod:cage":2,"astralsorcery:rock_crystal_ore":1,"supplementaries:sack":6,"minecraft:lapis_ore":47,"minecraft:lily_pad":21,"botania:white_double_flower":3,"botania:pink_mystical_flower":2,"minecraft:spruce_stairs":1,"farmersdelight:wild_beetroots":24,"botania:cyan_mystical_flower":9,"minecraft:lime_bed":4,"minecraft:end_stone_brick_stairs":1,"forbidden_arcanus:edelwood_log":8,"forbidden_arcanus:xpetrified_ore":21,"minecraft:redstone_torch":2,"minecraft:sweet_berry_bush":14,"astralsorcery:altar_discovery":1,"minecraft:ice":34,"minecraft:yellow_bed":1,"minecraft:grass_path":4,"botania:yellow_mystical_flower":4,"minecraft:coal_ore":1040,"quark:monster_box":2,"minecraft:end_rod":4,"quark:spruce_chest":3,"minecraft:cracked_stone_bricks":54,"ars_nouveau:arcane_ore":34,"minecraft:mossy_stone_bricks":112}},"DataVersion":2586}