{"stats":{"minecraft:mined":{"minecraft:diamond_ore":3,"iceandfire:silver_ore":2,"minecraft:mossy_cobblestone":2,"minecraft:brewing_stand":1,"gravestone:gravestone":7,"minecraft:grass_block":5,"farmersdelight:tomatoes":2,"quark:potted_vine":1,"minecraft:chiseled_stone_bricks":1,"minecraft:spawner":31,"forbidden_arcanus:potted_mysterywood_sapling":1,"quark:violet_crystal":1,"minecraft:carrots":1,"minecraft:mossy_cobblestone_stairs":1,"quark:violet_crystal_cluster":1,"minecraft:anvil":1,"minecraft:nether_brick_stairs":1,"minecraft:gold_block":5,"minecraft:mossy_stone_brick_stairs":1,"minecraft:bookshelf":58,"minecraft:potatoes":1,"minecraft:vine":4,"minecraft:oak_stairs":1,"minecraft:iron_bars":56,"minecraft:green_carpet":1,"minecraft:stone":18,"minecraft:white_wool":1,"minecraft:quartz_block":15,"ba_bt:bt_land_spawner":1,"minecraft:torch":5,"minecraft:emerald_ore":3,"minecraft:chest":1,"minecraft:lectern":1,"supplementaries:sack":3,"farmersdelight:cabbages":1,"minecraft:tall_grass":1,"minecraft:iron_door":2,"minecraft:wall_torch":2,"minecraft:seagrass":1,"minecraft:lilac":1,"minecraft:birch_leaves":2,"minecraft:stone_brick_stairs":3,"minecraft:grass_path":1,"minecraft:grass":2,"minecraft:oak_log":93,"minecraft:coal_ore":61,"minecraft:loom":5,"minecraft:cobweb":5,"minecraft:cracked_stone_bricks":4,"minecraft:stone_bricks":13,"minecraft:netherrack":1,"minecraft:mossy_stone_bricks":4,"minecraft:oak_leaves":71},"minecraft:picked_up":{"minecraft:iron_chestplate":2,"iceandfire:witherbone":4,"minecraft:flower_pot":2,"minecraft:anvil":1,"minecraft:leather_leggings":4,"minecraft:oak_stairs":2,"minecraft:gold_block":5,"minecraft:stone_brick_stairs":2,"gravestone:obituary":1,"minecraft:brewing_stand":1,"vampirism:pure_salt_water":2,"minecraft:shield":1,"forbidden_arcanus:mysterywood_sapling":1,"minecraft:string":42,"minecraft:iron_leggings":1,"minecraft:cracked_stone_bricks":4,"farmersdelight:cabbage":1,"schoolsofmagic:quest_note":1,"minecraft:beef":6,"quark:root_item":1,"minecraft:lectern":1,"minecraft:chest":1,"farmersdelight:cabbage_seeds":2,"minecraft:egg":2,"minecraft:iron_boots":1,"minecraft:tipped_arrow":3,"minecraft:golden_helmet":1,"minecraft:stick":6,"minecraft:torch":88,"iceandfire:silver_ore":1,"vampirism:holy_water_bottle_enhanced":2,"farmersdelight:tomato_seeds":2,"quark:violet_crystal_cluster":4,"vampirism:vampire_fang":1,"minecraft:vine":1,"minecraft:carrot":4,"minecraft:golden_chestplate":1,"minecraft:quartz_block":1,"vampirism:blood_bottle":2,"minecraft:arrow":21,"minecraft:rotten_flesh":30,"ars_nouveau:worn_notebook":1,"vampirism:hunter_coat_feet_ultimate":1,"artifacts:panic_necklace":1,"minecraft:mutton":11,"minecraft:iron_bars":55,"forbidden_arcanus:spawner_scrap":16,"minecraft:white_wool":6,"minecraft:bone_block":15,"minecraft:cobblestone":18,"minecraft:leather_chestplate":1,"minecraft:feather":1,"vampirism:vampire_blood_bottle":2,"minecraft:lilac":1,"iceandfire:sea_serpent_fang":19,"minecraft:iron_door":2,"minecraft:leather":15,"minecraft:potato":5,"alexsmobs:bear_fur":1,"ars_nouveau:wilden_wing":1,"minecraft:oak_log":94,"minecraft:chainmail_chestplate":1,"schoolsofmagic:letter_ccw":5,"minecraft:gunpowder":2,"minecraft:paper":2,"farmersdelight:tomato":1,"minecraft:dirt":6,"minecraft:lantern":1,"minecraft:leather_boots":1,"minecraft:bone":32,"vampirism:human_heart":6,"minecraft:apple":1,"minecraft:stone_bricks":12,"minecraft:bow":2,"minecraft:wheat_seeds":1,"vampirism:item_garlic":1,"minecraft:mossy_stone_bricks":4,"minecraft:diamond_helmet":1,"iceandfire:sea_serpent_scales_deepblue":22,"minecraft:iron_sword":1,"minecraft:mossy_stone_brick_stairs":1,"minecraft:book":133,"supplementaries:sack":3,"minecraft:chiseled_stone_bricks":1,"iceandfire:shiny_scales":1,"minecraft:nether_brick_stairs":1,"guardscraft:crown":5,"minecraft:loom":5,"minecraft:gold_ore":7,"minecraft:green_carpet":1,"minecraft:spider_eye":20,"ars_nouveau:wilden_horn":3,"minecraft:mossy_cobblestone":2,"forbidden_arcanus:ender_pearl_fragment":1,"minecraft:slime_ball":2,"minecraft:diamond":5,"waystones:waystone":6,"minecraft:iron_helmet":3,"minecraft:mossy_cobblestone_stairs":1,"minecraft:emerald":3,"minecraft:oak_sapling":8,"minecraft:netherrack":1,"minecraft:coal":65,"minecraft:diamond_pickaxe":1,"minecraft:ender_pearl":1},"minecraft:used":{"minecraft:stone_sword":65,"minecraft:iron_bars":1,"minecraft:chest":1,"minecraft:shield":65,"minecraft:iron_sword":65,"minecraft:rotten_flesh":3,"minecraft:torch":610,"minecraft:dirt":6,"minecraft:carrot":3,"minecraft:iron_axe":216,"minecraft:oak_stairs":1,"minecraft:stone_bricks":3,"minecraft:egg":3,"minecraft:cooked_beef":3,"supplementaries:sack":3,"vampirism:human_heart":1,"minecraft:gold_ore":7,"minecraft:golden_apple":15,"minecraft:cracked_stone_bricks":1,"minecraft:white_wool":1,"minecraft:mossy_cobblestone":2,"minecraft:oak_log":1,"waystones:waystone":4,"minecraft:diamond_pickaxe":229,"minecraft:bread":1,"minecraft:iron_pickaxe":14,"minecraft:iron_door":2,"minecraft:diamond_sword":209,"minecraft:cobblestone":13},"minecraft:broken":{"minecraft:golden_helmet":1,"minecraft:iron_chestplate":1,"minecraft:chainmail_boots":1,"minecraft:leather_boots":1,"minecraft:iron_helmet":2,"minecraft:golden_chestplate":1},"minecraft:crafted":{"minecraft:oak_planks":8,"minecraft:air":576,"minecraft:stick":16},"minecraft:dropped":{"minecraft:bread":2,"minecraft:iron_sword":1,"minecraft:wheat_seeds":1,"minecraft:glass_bottle":1,"minecraft:iron_helmet":1,"minecraft:cobblestone":5,"minecraft:torch":40,"minecraft:mutton":3,"forbidden_arcanus:spawner_scrap":3,"gravestone:obituary":1,"minecraft:bone_block":15,"minecraft:iron_pickaxe":1,"minecraft:mossy_cobblestone_stairs":1,"minecraft:chainmail_leggings":1,"minecraft:white_wool":2,"iceandfire:silver_ore":1,"vampirism:blood_bottle":1,"minecraft:iron_chestplate":1,"minecraft:leather_leggings":2,"minecraft:beef":3},"minecraft:killed_by":{"minecraft:wither_skeleton":2,"minecraft:stray":1,"minecraft:spider":1,"ars_nouveau:wilden_stalker":1,"ars_nouveau:wilden_hunter":1,"minecraft:zombie":1},"minecraft:custom":{"minecraft:interact_with_smithing_table":1,"minecraft:mob_kills":175,"minecraft:interact_with_crafting_table":1,"minecraft:open_barrel":25,"minecraft:leave_game":3,"minecraft:time_since_death":130376,"minecraft:climb_one_cm":14229,"minecraft:sprint_one_cm":517655,"minecraft:walk_one_cm":1230680,"minecraft:damage_blocked_by_shield":2507,"minecraft:drop":27,"minecraft:sneak_time":403,"minecraft:deaths":7,"minecraft:walk_under_water_one_cm":31676,"minecraft:jump":3730,"minecraft:walk_on_water_one_cm":27756,"minecraft:play_one_minute":261978,"minecraft:interact_with_loom":1,"minecraft:time_since_rest":130408,"minecraft:waystone_activated":8,"minecraft:open_enderchest":1,"minecraft:damage_taken":437616,"minecraft:damage_absorbed":430,"minecraft:trigger_trapped_chest":2,"minecraft:damage_dealt":29376,"minecraft:swim_one_cm":67708,"minecraft:fly_one_cm":734389,"minecraft:open_chest":456,"minecraft:crouch_one_cm":19,"minecraft:fall_one_cm":154531},"minecraft:killed":{"minecraft:cave_spider":6,"alexsmobs:raccoon":1,"minecraft:spider":8,"mysticalworld:frog":1,"minecraft:skeleton":11,"minecraft:silverfish":22,"vampirism:advanced_hunter":1,"ars_nouveau:summon_wolf":2,"artifacts:mimic":1,"vampirism:hunter":2,"minecraft:zombie":11,"ars_nouveau:wilden_stalker":2,"minecraft:stray":2,"ars_nouveau:wilden_hunter":1,"minecraft:wither_skeleton":2,"iceandfire:sea_serpent":1}},"DataVersion":2586}