{"stats":{"minecraft:mined":{"minecraft:brewing_stand":1,"minecraft:torch":1,"gravestone:gravestone":2,"minecraft:grass_block":1,"supplementaries:sack":2,"farmersdelight:cabbages":1,"farmersdelight:tomatoes":2,"minecraft:iron_door":1,"quark:potted_vine":1,"minecraft:spawner":3,"forbidden_arcanus:potted_mysterywood_sapling":1,"minecraft:carrots":1,"minecraft:anvil":1,"minecraft:potatoes":1,"minecraft:oak_log":4,"minecraft:vine":2,"minecraft:iron_bars":1},"minecraft:killed":{"minecraft:cave_spider":1,"minecraft:spider":2,"minecraft:skeleton":11,"minecraft:zombie":3,"minecraft:stray":2,"minecraft:silverfish":16,"artifacts:mimic":1},"minecraft:dropped":{"minecraft:leather_leggings":2},"minecraft:crafted":{"minecraft:air":52},"minecraft:picked_up":{"minecraft:iron_chestplate":1,"minecraft:leather_chestplate":1,"minecraft:iron_door":1,"minecraft:anvil":1,"minecraft:flower_pot":2,"minecraft:leather_leggings":4,"minecraft:potato":5,"minecraft:oak_log":4,"minecraft:chainmail_chestplate":1,"minecraft:brewing_stand":1,"minecraft:shield":1,"forbidden_arcanus:mysterywood_sapling":1,"minecraft:string":4,"farmersdelight:tomato":1,"minecraft:dirt":1,"minecraft:iron_leggings":1,"minecraft:bone":20,"minecraft:bow":2,"farmersdelight:cabbage":1,"minecraft:diamond_helmet":1,"farmersdelight:cabbage_seeds":2,"minecraft:iron_boots":1,"minecraft:tipped_arrow":2,"minecraft:golden_helmet":1,"supplementaries:sack":2,"minecraft:torch":37,"farmersdelight:tomato_seeds":2,"guardscraft:crown":1,"minecraft:carrot":4,"minecraft:vine":1,"minecraft:golden_chestplate":1,"minecraft:spider_eye":2,"minecraft:arrow":19,"vampirism:blood_bottle":1,"minecraft:rotten_flesh":6,"ars_nouveau:worn_notebook":1,"vampirism:hunter_coat_feet_ultimate":1,"minecraft:iron_helmet":2,"artifacts:panic_necklace":1,"minecraft:iron_bars":1,"forbidden_arcanus:spawner_scrap":4},"minecraft:custom":{"minecraft:mob_kills":40,"minecraft:open_barrel":5,"minecraft:play_one_minute":36599,"minecraft:time_since_death":1868,"minecraft:climb_one_cm":1775,"minecraft:time_since_rest":1893,"minecraft:waystone_activated":2,"minecraft:sprint_one_cm":15487,"minecraft:damage_taken":149330,"minecraft:walk_one_cm":193456,"minecraft:damage_blocked_by_shield":40,"minecraft:drop":2,"minecraft:damage_dealt":2884,"minecraft:fly_one_cm":10481,"minecraft:open_chest":60,"minecraft:crouch_one_cm":12,"minecraft:deaths":2,"minecraft:sneak_time":192,"minecraft:jump":142,"minecraft:walk_on_water_one_cm":1298,"minecraft:fall_one_cm":898},"minecraft:killed_by":{"minecraft:wither_skeleton":1,"minecraft:stray":1},"minecraft:broken":{"minecraft:golden_helmet":1,"minecraft:iron_helmet":2,"minecraft:golden_chestplate":1},"minecraft:used":{"supplementaries:sack":2,"minecraft:stone_sword":65,"minecraft:shield":1,"minecraft:iron_sword":24,"minecraft:torch":53,"minecraft:dirt":1,"minecraft:carrot":3,"minecraft:oak_log":1,"minecraft:iron_axe":3,"minecraft:bread":1,"minecraft:iron_pickaxe":9,"minecraft:iron_door":1,"minecraft:egg":2,"minecraft:cooked_beef":3}},"DataVersion":2586}