{"stats":{"minecraft:mined":{"ba_bt:bt_land_spawner":1,"minecraft:brewing_stand":1,"minecraft:torch":1,"gravestone:gravestone":4,"minecraft:grass_block":5,"minecraft:chest":1,"minecraft:lectern":1,"supplementaries:sack":3,"farmersdelight:cabbages":1,"minecraft:tall_grass":1,"farmersdelight:tomatoes":2,"minecraft:iron_door":1,"quark:potted_vine":1,"minecraft:spawner":7,"forbidden_arcanus:potted_mysterywood_sapling":1,"minecraft:carrots":1,"minecraft:lilac":1,"minecraft:birch_leaves":2,"minecraft:grass_path":1,"minecraft:anvil":1,"minecraft:gold_block":5,"minecraft:bookshelf":58,"minecraft:potatoes":1,"minecraft:oak_log":24,"minecraft:vine":2,"minecraft:oak_stairs":1,"minecraft:iron_bars":14,"minecraft:loom":5,"minecraft:green_carpet":1,"minecraft:cobweb":1,"minecraft:stone_bricks":5,"minecraft:netherrack":1,"minecraft:oak_leaves":22},"minecraft:killed":{"minecraft:cave_spider":2,"alexsmobs:raccoon":1,"minecraft:spider":6,"minecraft:skeleton":11,"minecraft:zombie":10,"ars_nouveau:wilden_stalker":1,"minecraft:stray":2,"vampirism:advanced_hunter":1,"minecraft:silverfish":16,"minecraft:wither_skeleton":1,"artifacts:mimic":1},"minecraft:crafted":{"minecraft:oak_planks":8,"minecraft:air":96,"minecraft:stick":8},"minecraft:dropped":{"minecraft:bread":2,"minecraft:iron_sword":1,"minecraft:leather_leggings":2,"gravestone:obituary":1,"minecraft:beef":3,"minecraft:iron_pickaxe":1},"minecraft:picked_up":{"minecraft:iron_chestplate":1,"minecraft:leather_chestplate":1,"minecraft:feather":1,"vampirism:vampire_blood_bottle":1,"minecraft:lilac":1,"minecraft:flower_pot":2,"minecraft:anvil":1,"minecraft:iron_door":1,"minecraft:leather_leggings":4,"minecraft:leather":5,"minecraft:oak_stairs":2,"minecraft:potato":5,"minecraft:gold_block":5,"ars_nouveau:wilden_wing":1,"gravestone:obituary":1,"minecraft:oak_log":25,"minecraft:chainmail_chestplate":1,"schoolsofmagic:letter_ccw":1,"minecraft:brewing_stand":1,"minecraft:shield":1,"forbidden_arcanus:mysterywood_sapling":1,"minecraft:paper":2,"minecraft:lantern":1,"minecraft:dirt":6,"farmersdelight:tomato":1,"minecraft:string":14,"minecraft:iron_leggings":1,"minecraft:bone":20,"minecraft:stone_bricks":4,"minecraft:bow":2,"farmersdelight:cabbage":1,"minecraft:beef":3,"minecraft:diamond_helmet":1,"minecraft:lectern":1,"minecraft:chest":1,"minecraft:iron_sword":1,"farmersdelight:cabbage_seeds":2,"minecraft:book":133,"minecraft:iron_boots":1,"minecraft:tipped_arrow":2,"minecraft:golden_helmet":1,"supplementaries:sack":3,"minecraft:torch":37,"vampirism:holy_water_bottle_enhanced":1,"farmersdelight:tomato_seeds":2,"vampirism:vampire_fang":1,"guardscraft:crown":1,"minecraft:loom":5,"minecraft:carrot":4,"minecraft:vine":1,"minecraft:green_carpet":1,"minecraft:spider_eye":5,"minecraft:golden_chestplate":1,"minecraft:arrow":19,"vampirism:blood_bottle":1,"minecraft:rotten_flesh":22,"waystones:waystone":2,"ars_nouveau:worn_notebook":1,"minecraft:iron_helmet":2,"vampirism:hunter_coat_feet_ultimate":1,"artifacts:panic_necklace":1,"minecraft:oak_sapling":2,"minecraft:netherrack":1,"forbidden_arcanus:spawner_scrap":7,"minecraft:iron_bars":14,"minecraft:coal":1,"minecraft:diamond_pickaxe":1},"minecraft:custom":{"minecraft:interact_with_smithing_table":1,"minecraft:mob_kills":66,"minecraft:interact_with_crafting_table":1,"minecraft:open_barrel":6,"minecraft:play_one_minute":84399,"minecraft:interact_with_loom":1,"minecraft:leave_game":1,"minecraft:time_since_death":7599,"minecraft:climb_one_cm":5906,"minecraft:time_since_rest":7626,"minecraft:waystone_activated":5,"minecraft:open_enderchest":1,"minecraft:sprint_one_cm":123686,"minecraft:damage_absorbed":39,"minecraft:damage_taken":242278,"minecraft:walk_one_cm":360725,"minecraft:damage_blocked_by_shield":2205,"minecraft:drop":9,"minecraft:damage_dealt":7030,"minecraft:swim_one_cm":718,"minecraft:fly_one_cm":178309,"minecraft:open_chest":121,"minecraft:crouch_one_cm":15,"minecraft:deaths":4,"minecraft:sneak_time":207,"minecraft:walk_under_water_one_cm":264,"minecraft:jump":1057,"minecraft:walk_on_water_one_cm":6225,"minecraft:fall_one_cm":37475},"minecraft:killed_by":{"ars_nouveau:wilden_hunter":1,"minecraft:wither_skeleton":1,"minecraft:stray":1,"minecraft:zombie":1},"minecraft:broken":{"minecraft:golden_helmet":1,"minecraft:iron_helmet":2,"minecraft:iron_chestplate":1,"minecraft:golden_chestplate":1},"minecraft:used":{"supplementaries:sack":3,"minecraft:iron_bars":1,"minecraft:stone_sword":65,"minecraft:chest":1,"minecraft:shield":57,"minecraft:iron_sword":65,"minecraft:rotten_flesh":3,"minecraft:torch":134,"minecraft:golden_apple":1,"minecraft:dirt":6,"minecraft:carrot":3,"minecraft:oak_log":1,"waystones:waystone":1,"minecraft:diamond_pickaxe":27,"minecraft:oak_stairs":1,"minecraft:iron_axe":103,"minecraft:bread":1,"minecraft:iron_pickaxe":14,"minecraft:iron_door":1,"minecraft:stone_bricks":1,"minecraft:diamond_sword":37,"minecraft:egg":2,"minecraft:cooked_beef":3}},"DataVersion":2586}