{"stats":{"minecraft:mined":{"forbidden_arcanus:potted_mysterywood_sapling":1,"minecraft:carrots":1,"minecraft:brewing_stand":1,"minecraft:anvil":1,"minecraft:potatoes":1,"minecraft:grass_block":1,"minecraft:oak_log":4,"minecraft:iron_bars":1,"farmersdelight:cabbages":1,"supplementaries:sack":2,"farmersdelight:tomatoes":2,"quark:potted_vine":1,"minecraft:spawner":2},"minecraft:killed":{"minecraft:skeleton":9,"minecraft:zombie":2,"artifacts:mimic":1},"minecraft:picked_up":{"minecraft:golden_helmet":1,"minecraft:iron_chestplate":1,"minecraft:flower_pot":2,"minecraft:anvil":1,"minecraft:leather_leggings":1,"supplementaries:sack":2,"minecraft:torch":36,"minecraft:potato":5,"farmersdelight:tomato_seeds":2,"minecraft:oak_log":4,"guardscraft:crown":1,"minecraft:brewing_stand":1,"minecraft:shield":1,"minecraft:vine":1,"minecraft:carrot":4,"forbidden_arcanus:mysterywood_sapling":1,"minecraft:golden_chestplate":1,"farmersdelight:tomato":1,"minecraft:dirt":1,"minecraft:iron_leggings":1,"minecraft:arrow":8,"minecraft:bone":9,"minecraft:rotten_flesh":5,"farmersdelight:cabbage":1,"ars_nouveau:worn_notebook":1,"minecraft:iron_helmet":2,"vampirism:hunter_coat_feet_ultimate":1,"artifacts:panic_necklace":1,"forbidden_arcanus:spawner_scrap":2,"minecraft:iron_bars":1,"farmersdelight:cabbage_seeds":2},"minecraft:custom":{"minecraft:time_since_rest":24599,"minecraft:waystone_activated":2,"minecraft:damage_blocked_by_shield":40,"minecraft:sprint_one_cm":11965,"minecraft:damage_taken":677,"minecraft:walk_one_cm":147777,"minecraft:mob_kills":14,"minecraft:damage_dealt":2145,"minecraft:fly_one_cm":7859,"minecraft:open_barrel":2,"minecraft:open_chest":34,"minecraft:play_one_minute":24599,"minecraft:jump":109,"minecraft:time_since_death":24599,"minecraft:fall_one_cm":898},"minecraft:broken":{"minecraft:iron_helmet":1,"minecraft:golden_chestplate":1},"minecraft:used":{"minecraft:oak_log":1,"supplementaries:sack":2,"minecraft:stone_sword":65,"minecraft:iron_axe":3,"minecraft:bread":1,"minecraft:iron_pickaxe":6,"minecraft:shield":1,"minecraft:torch":39,"minecraft:dirt":1,"minecraft:carrot":3,"minecraft:egg":2,"minecraft:cooked_beef":3}},"DataVersion":2586}