{"stats":{"minecraft:killed":{"mowziesmobs:barakoan_barakoana":1,"vampirism:vampire":3,"minecraft:cave_spider":6,"minecraft:spider":16,"iceandfire:stymphalian_bird":2,"minecraft:shulker":3,"minecraft:skeleton":12,"vampirism:task_master_hunter":1,"vampirism:advanced_hunter":2,"minecraft:silverfish":22,"artifacts:mimic":1,"vampirism:vampire_baron":1,"minecraft:wolf":1,"minecraft:magma_cube":5,"minecraft:piglin":3,"minecraft:iron_golem":2,"vampirism:hunter":12,"minecraft:pillager":1,"minecraft:zombie":16,"minecraft:stray":2,"minecraft:ghast":1,"iceandfire:sea_serpent":2,"minecraft:blaze":3,"minecraft:endermite":6,"mysticalworld:frog":1,"minecraft:phantom":1,"minecraft:llama":1,"ars_nouveau:summon_wolf":17,"mysticalworld:endermini":3,"quark:foxhound":1,"vampirism:villager_angry":1,"ars_nouveau:wilden_stalker":6,"iceandfire:ghost":4,"mowziesmobs:barakoana":1,"ars_nouveau:wilden_hunter":3,"minecraft:wither_skeleton":4,"minecraft:enderman":9},"minecraft:broken":{"minecraft:golden_helmet":1,"minecraft:leather_leggings":1,"minecraft:iron_boots":2,"minecraft:iron_chestplate":1,"minecraft:chainmail_boots":1,"minecraft:golden_leggings":1,"minecraft:golden_chestplate":1,"mowziesmobs:barakoa_mask_fury":1,"minecraft:shield":1,"minecraft:leather_boots":1,"minecraft:iron_helmet":3},"minecraft:picked_up":{"minecraft:shulker_shell":6,"iceandfire:deathworm_egg":1,"minecraft:iron_chestplate":2,"minecraft:flower_pot":3,"minecraft:anvil":1,"artifacts:bunny_hoppers":3,"minecraft:diamond_sword":1,"minecraft:oak_stairs":4,"minecraft:potion":2,"minecraft:enchanted_book":17,"minecraft:nether_brick":20,"minecraft:stone_brick_stairs":3,"minecraft:brewing_stand":1,"vampirism:pure_salt_water":8,"minecraft:golden_sword":1,"forbidden_arcanus:mysterywood_sapling":1,"forbidden_arcanus:xpetrified_orb":7,"minecraft:polished_blackstone_brick_stairs":1,"minecraft:string":86,"iceandfire:sea_serpent_scales_teal":4,"minecraft:iron_leggings":1,"minecraft:pufferfish":1,"iceandfire:sea_serpent_scales_bronze":4,"vampirism:obi_belt":1,"minecraft:diamond_leggings":2,"minecraft:gold_nugget":24,"farmersdelight:cabbage":1,"minecraft:ender_eye":1,"quark:root_item":1,"astralsorcery:marble_raw":4,"iceandfire:dragonscales_red":42,"farmersdelight:cabbage_seeds":2,"minecraft:iron_boots":2,"minecraft:tipped_arrow":3,"minecraft:golden_helmet":1,"minecraft:stick":9,"minecraft:jungle_door":1,"minecraft:torch":93,"iceandfire:silver_ore":1,"minecraft:porkchop":12,"minecraft:golden_axe":1,"vampirism:holy_water_bottle_enhanced":6,"quark:violet_crystal_cluster":4,"vampirism:vampire_fang":2,"vampirism:amulet":1,"minecraft:vine":1,"minecraft:golden_chestplate":1,"minecraft:cactus":4,"minecraft:quartz_block":1,"vampirism:blood_bottle":5,"minecraft:rotten_flesh":64,"minecraft:tropical_fish":8,"ars_nouveau:worn_notebook":1,"iceandfire:hippogryph_skull":1,"vampirism:hunter_coat_feet_ultimate":1,"iceandfire:fire_dragon_heart":5,"artifacts:panic_necklace":4,"minecraft:snowball":3,"minecraft:blaze_rod":17,"mowziesmobs:barakoa_mask_misery":2,"minecraft:obsidian":17,"minecraft:iron_bars":55,"vampirism:heart_seeker_enhanced":1,"minecraft:cobblestone":358,"minecraft:leather_chestplate":1,"vampirism:vampire_book":2,"minecraft:feather":18,"minecraft:lilac":1,"minecraft:iron_door":8,"mowziesmobs:barakoa_mask_fury":1,"minecraft:potato":5,"mysticalworld:lead_ore":1,"mysticalworld:tin_ore":2,"mysticalworld:young_pearl":14,"farmersdelight:tomato":1,"minecraft:dirt":189,"iceandfire:dragonscales_bronze":24,"minecraft:lantern":3,"minecraft:leather_boots":1,"minecraft:bone":47,"minecraft:bow":4,"minecraft:wheat_seeds":2,"vampirism:pure_blood_1":2,"vampirism:item_garlic":3,"spartanweaponry:enderman_head":3,"minecraft:mossy_stone_bricks":9,"minecraft:diamond_helmet":1,"minecraft:mossy_stone_brick_stairs":1,"minecraft:warped_wart_block":2,"vampirism:ring":1,"iceandfire:dragon_skull_fire":10,"iceandfire:shiny_scales":21,"minecraft:sand":31,"minecraft:nether_brick_stairs":1,"iceandfire:stymphalian_bird_feather":21,"minecraft:loom":30,"minecraft:lily_of_the_valley":1,"minecraft:spectral_arrow":9,"iceandfire:frozen_dirt":1,"ars_nouveau:wilden_horn":8,"minecraft:mossy_cobblestone":2,"vampirism:pure_blood_0":3,"quark:gold_bars":2,"quark:cobbled_deepslate":40,"forbidden_arcanus:ender_pearl_fragment":136,"minecraft:sugar":4,"minecraft:diamond":9,"waystones:waystone":12,"minecraft:cracked_polished_blackstone_bricks":5,"vampirism:coffin_red":1,"minecraft:golden_apple":4,"iceandfire:seaserpent_skull":1,"minecraft:emerald":10,"iceandfire:troll_leather_forest":1,"iceandfire:gorgon_head":2,"minecraft:oak_sapling":9,"minecraft:netherrack":63,"minecraft:chorus_fruit":13,"minecraft:diamond_pickaxe":4,"minecraft:end_stone_bricks":1,"iceandfire:copper_ingot":9,"iceandfire:dragon_skull_lightning":2,"minecraft:crafting_table":1,"minecraft:ladder":26,"minecraft:splash_potion":1,"iceandfire:witherbone":10,"minecraft:nether_wart":20,"minecraft:clay_ball":16,"minecraft:leather_leggings":4,"minecraft:gold_block":8,"usefulbackpacks:backpack_medium":1,"gravestone:obituary":19,"minecraft:shield":2,"iceandfire:sea_serpent_scales_blue":5,"iceandfire:frozen_grass":2,"iceandfire:frozen_splinters":1,"minecraft:elytra":2,"minecraft:flint_and_steel":1,"minecraft:item_frame":1,"aquaculture:pink_salmon":2,"iceandfire:graveyard_soil":4,"minecraft:cracked_stone_bricks":10,"vampirism:cursed_earth":1,"minecraft:beef":23,"iceandfire:dread_shard":4,"minecraft:poppy":1,"minecraft:light_gray_wool":1,"minecraft:lectern":2,"minecraft:sugar_cane":1,"minecraft:chest":1,"minecraft:phantom_membrane":5,"iceandfire:ice_dragon_heart":1,"minecraft:egg":2,"iceandfire:dragonbone":118,"minecraft:end_stone":469,"iceandfire:dragonscales_gray":73,"iceandfire:dragonscales_green":14,"minecraft:oak_door":2,"iceandfire:deathworm_chitin_red":13,"iceandfire:chared_grass":1,"minecraft:fire_charge":5,"minecraft:polished_blackstone_bricks":8,"farmersdelight:tomato_seeds":2,"minecraft:carrot":4,"iceandfire:deathworm_egg_giant":1,"nethers_delight:propelpearl":3,"iceandfire:dragon_skull_ice":2,"minecraft:tnt":9,"minecraft:arrow":100,"iceandfire:cyclops_eye":1,"minecraft:diamond_chestplate":1,"vampirism:altar_inspiration":1,"quark:smooth_basalt":3,"minecraft:nether_bricks":6,"mysticalworld:aubergine_seeds":4,"minecraft:hay_block":11,"minecraft:purpur_slab":1,"minecraft:saddle":2,"minecraft:gold_ingot":32,"minecraft:mutton":21,"forbidden_arcanus:spawner_scrap":20,"minecraft:white_wool":11,"minecraft:bone_block":15,"vampirism:vampire_blood_bottle":6,"minecraft:basalt":3,"iceandfire:sea_serpent_fang":63,"minecraft:leather":44,"minecraft:red_mushroom":2,"mysticalworld:venison":2,"ars_nouveau:wilden_wing":9,"waystones:sandy_waystone":2,"minecraft:oak_log":103,"minecraft:chainmail_chestplate":1,"iceandfire:ectoplasm":8,"minecraft:golden_boots":1,"minecraft:gunpowder":6,"iceandfire:dragonscales_blue":9,"minecraft:paper":2,"quark:forgotten_hat":1,"minecraft:smooth_sandstone":1,"vampirism:human_heart":30,"minecraft:stone_bricks":22,"minecraft:apple":3,"forbidden_arcanus:edelwood_ladder":1,"minecraft:iron_ingot":29,"minecraft:cooked_chicken":7,"quark:tallow":30,"aquaculture:pollock":1,"minecraft:glass_bottle":9,"minecraft:iron_sword":3,"iceandfire:sea_serpent_scales_deepblue":51,"iceandfire:fire_dragon_flesh":13,"minecraft:soul_sand":2,"forbidden_arcanus:darkstone":2,"minecraft:book":607,"quark:myalite":26,"iceandfire:copper_nugget":9,"supplementaries:sack":3,"minecraft:chiseled_stone_bricks":1,"minecraft:quartz":77,"minecraft:gravel":62,"minecraft:spruce_sapling":2,"minecraft:gold_ore":7,"minecraft:crying_obsidian":4,"minecraft:green_carpet":1,"minecraft:spider_eye":28,"minecraft:dragon_egg":1,"usefulbackpacks:backpack_large":1,"ars_nouveau:wilden_spike":1,"minecraft:slime_ball":2,"minecraft:iron_helmet":4,"iceandfire:sea_serpent_scales_red":13,"minecraft:mossy_cobblestone_stairs":1,"minecraft:gray_wool":2,"iceandfire:ice_dragon_flesh":2,"minecraft:warped_roots":1,"vampirism:vampire_orchid":34,"minecraft:black_wool":1,"minecraft:warped_nylium":5,"minecraft:coal":73,"quark:biotite":16,"minecraft:ender_pearl":67},"minecraft:custom":{"minecraft:interact_with_crafting_table":42,"minecraft:open_barrel":68,"minecraft:leave_game":17,"minecraft:time_since_death":16950,"minecraft:sprint_one_cm":1617626,"minecraft:damage_blocked_by_shield":4616,"minecraft:drop":187,"minecraft:talked_to_villager":40,"minecraft:deaths":128,"minecraft:interact_with_brewingstand":3,"minecraft:jump":18048,"minecraft:walk_on_water_one_cm":232550,"minecraft:interact_with_furnace":15,"minecraft:traded_with_villager":12,"minecraft:play_one_minute":1085819,"minecraft:interact_with_loom":2,"minecraft:sleep_in_bed":1,"minecraft:waystone_activated":28,"minecraft:open_enderchest":2,"minecraft:damage_dealt":194829,"minecraft:player_kills":10,"minecraft:crouch_one_cm":32992,"minecraft:interact_with_smithing_table":1,"minecraft:interact_with_anvil":6,"minecraft:mob_kills":676,"minecraft:climb_one_cm":27308,"minecraft:walk_one_cm":2922653,"vampirism:capture_village":4,"minecraft:sneak_time":13114,"minecraft:walk_under_water_one_cm":510527,"minecraft:boat_one_cm":7567,"vampirism:win_village_capture":4,"minecraft:time_since_rest":16984,"minecraft:damage_taken":2147483647,"minecraft:damage_absorbed":865,"minecraft:trigger_trapped_chest":5,"minecraft:swim_one_cm":1006140,"minecraft:fly_one_cm":8630092,"minecraft:open_chest":1179,"minecraft:fall_one_cm":1307515},"minecraft:used":{"iceandfire:tide_trident":1,"quark:cobbled_deepslate":9,"vampirism:coffin_red":1,"minecraft:chest":1,"minecraft:shield":186,"minecraft:iron_sword":65,"vampirism:blood_container":1,"minecraft:rotten_flesh":3,"minecraft:carrot":3,"minecraft:obsidian":11,"minecraft:lava_bucket":12,"minecraft:lantern":2,"vampirism:blood_sieve":1,"minecraft:stone_bricks":11,"quark:smooth_basalt":1,"minecraft:item_frame":1,"minecraft:bow":35,"minecraft:hay_block":1,"minecraft:oak_sapling":1,"minecraft:furnace":4,"minecraft:egg":3,"minecraft:mossy_stone_bricks":4,"minecraft:end_stone_bricks":1,"minecraft:ender_pearl":33,"mysticalworld:lead_ore":1,"vampirism:human_heart":54,"minecraft:white_wool":2,"minecraft:golden_apple":28,"minecraft:sand":4,"iceandfire:dragonbone_sword_lightning":35,"minecraft:end_stone":399,"waystones:waystone":9,"spartanweaponry:scythe_diamond":40,"minecraft:bread":1,"minecraft:iron_door":8,"minecraft:diamond_sword":1229,"minecraft:fire_charge":2,"waystones:sandy_waystone":2,"minecraft:iron_bars":1,"minecraft:stone_sword":65,"vampirism:heart_seeker_enhanced":247,"minecraft:flint_and_steel":1,"minecraft:netherrack":1,"minecraft:oak_door":1,"minecraft:torch":619,"minecraft:dirt":32,"minecraft:iron_axe":431,"minecraft:oak_stairs":2,"minecraft:smooth_sandstone":1,"minecraft:cooked_beef":3,"minecraft:water_bucket":6,"supplementaries:sack":3,"vampirism:altar_inspiration":2,"vampirism:blood_grinder":1,"minecraft:gold_ore":7,"minecraft:cracked_stone_bricks":7,"minecraft:polished_blackstone_bricks":1,"minecraft:mossy_cobblestone":2,"minecraft:crafting_table":2,"supplementaries:bomb":3,"minecraft:oak_log":1,"minecraft:ender_eye":3,"minecraft:diamond_pickaxe":1369,"minecraft:diamond_shovel":217,"minecraft:iron_pickaxe":14,"iceandfire:graveyard_soil":4,"minecraft:potion":2,"minecraft:cobblestone":103,"minecraft:jungle_door":1,"minecraft:bucket":19},"minecraft:dropped":{"minecraft:iron_sword":1,"minecraft:glass_bottle":2,"minecraft:ender_pearl":16,"quark:gold_bars":2,"iceandfire:gorgon_head":1,"minecraft:cracked_polished_blackstone_bricks":3,"minecraft:polished_blackstone_brick_stairs":1,"minecraft:mutton":3,"gravestone:obituary":80,"minecraft:gold_nugget":16,"minecraft:bone_block":15,"minecraft:polished_blackstone_bricks":5,"minecraft:iron_pickaxe":1,"minecraft:white_wool":2,"minecraft:gold_ingot":41,"minecraft:oak_door":1,"usefulbackpacks:backpack_large":1,"minecraft:rotten_flesh":5,"vampirism:blood_bottle":3,"minecraft:leather_leggings":2,"minecraft:arrow":22,"minecraft:beef":3,"minecraft:netherrack":2,"vampirism:coffin_red":1,"minecraft:enchanted_book":2,"minecraft:golden_boots":2,"minecraft:iron_ingot":6,"minecraft:bread":2,"minecraft:wheat_seeds":2,"minecraft:iron_helmet":1,"minecraft:cobblestone":127,"nethers_delight:propelpearl":1,"minecraft:torch":40,"forbidden_arcanus:spawner_scrap":3,"minecraft:mossy_cobblestone_stairs":1,"minecraft:chainmail_leggings":1,"minecraft:blaze_rod":9,"iceandfire:silver_ore":1,"minecraft:nether_bricks":6,"minecraft:iron_chestplate":1,"minecraft:diamond_pickaxe":2,"minecraft:golden_sword":1,"minecraft:stone_bricks":1,"minecraft:bow":1},"minecraft:crafted":{"minecraft:oak_planks":8,"minecraft:blaze_powder":2,"usefulbackpacks:backpack_small":1,"minecraft:glass":25,"minecraft:hopper":1,"minecraft:iron_boots":1,"vampirism:altar_inspiration":1,"vampirism:blood_grinder":1,"vampirism:coffin_red":2,"minecraft:golden_boots":1,"minecraft:emerald":2,"minecraft:crafting_table":1,"minecraft:iron_helmet":1,"minecraft:stick":16,"quark:oak_chest":1,"usefulbackpacks:backpack_large":2,"vampirism:human_heart":63,"iceandfire:armor_green_leggings":1,"minecraft:iron_nugget":18,"minecraft:furnace":1,"minecraft:flint_and_steel":1,"vampirism:blood_sieve":1,"usefulbackpacks:backpack_medium":1,"vampirism:pure_blood_1":1,"iceandfire:tide_trident":1,"minecraft:bucket":1,"minecraft:air":728,"vampirism:blood_container":2,"iceandfire:armor_green_boots":1},"minecraft:killed_by":{"vampirism:hunter_trainer":2,"minecraft:wither_skeleton":2,"minecraft:piglin_brute":2,"minecraft:magma_cube":1,"iceandfire:sea_serpent":46,"vampirism:vampire_baron":1,"ars_nouveau:wilden_hunter":2,"minecraft:blaze":1,"minecraft:zombie":2,"iceandfire:fire_dragon":29,"minecraft:player":4,"iceandfire:deathworm":2,"minecraft:stray":1,"minecraft:spider":1,"minecraft:enderman":1,"minecraft:iron_golem":5,"ars_nouveau:wilden_stalker":1,"iceandfire:gorgon":3,"minecraft:shulker":2,"iceandfire:cockatrice":1,"iceandfire:troll":1},"minecraft:mined":{"iceandfire:graveyard_soil":4,"minecraft:fire_coral_wall_fan":2,"minecraft:brewing_stand":1,"minecraft:obsidian":15,"mysticalworld:lead_ore":1,"minecraft:grass_block":70,"minecraft:cracked_polished_blackstone_bricks":6,"waystones:waystone":1,"minecraft:bubble_coral_fan":1,"minecraft:purpur_slab":1,"minecraft:nether_wart":20,"minecraft:chiseled_stone_bricks":1,"minecraft:spawner":37,"minecraft:polished_blackstone_bricks":8,"minecraft:tall_seagrass":4,"forbidden_arcanus:potted_mysterywood_sapling":1,"minecraft:mossy_cobblestone_stairs":1,"quark:violet_crystal_cluster":1,"minecraft:fire":32,"minecraft:anvil":1,"minecraft:nether_brick_stairs":1,"iceandfire:gold_pile":1,"minecraft:iron_bars":56,"minecraft:oak_stairs":3,"minecraft:green_carpet":1,"minecraft:end_stone_bricks":3,"minecraft:quartz_block":15,"minecraft:kelp_plant":5,"ars_nouveau:mana_berry_bush":1,"quark:gold_bars":2,"minecraft:clay":4,"minecraft:torch":7,"iceandfire:dragon_ice_spikes":1,"quark:biotite_ore":16,"quark:stone_speleothem":2,"minecraft:chest":1,"minecraft:dead_bush":1,"iceandfire:frozen_dirt":1,"farmersdelight:cabbages":1,"minecraft:nether_quartz_ore":77,"minecraft:cobblestone":4,"minecraft:iron_door":8,"minecraft:wall_torch":6,"minecraft:seagrass":5,"forbidden_arcanus:darkstone":2,"minecraft:lilac":1,"minecraft:tnt":9,"minecraft:stone_brick_stairs":3,"minecraft:grass":47,"minecraft:oak_log":99,"minecraft:loom":31,"minecraft:sand":39,"minecraft:dirt":131,"minecraft:netherrack":64,"minecraft:oak_leaves":98,"vampirism:coffin_red":1,"minecraft:nether_gold_ore":4,"minecraft:diamond_ore":7,"iceandfire:silver_ore":2,"minecraft:mossy_cobblestone":2,"minecraft:oak_door":1,"vampirism:altar_inspiration":1,"minecraft:end_stone":479,"minecraft:nether_bricks":6,"gravestone:gravestone":76,"minecraft:ladder":3,"minecraft:tube_coral_wall_fan":1,"ars_nouveau:phantom_block":1,"iceandfire:frozen_grass":2,"vampirism:vampire_orchid":35,"farmersdelight:tomatoes":2,"minecraft:kelp":2,"quark:potted_vine":1,"minecraft:large_fern":1,"minecraft:hay_block":11,"minecraft:carrots":1,"quark:violet_crystal":1,"minecraft:snow":3,"mysticalworld:tin_ore":2,"mysticalworld:quicksilver_ore":1,"quark:smooth_basalt":3,"minecraft:gold_block":6,"minecraft:mossy_stone_brick_stairs":1,"minecraft:bookshelf":219,"minecraft:potatoes":1,"minecraft:vine":12,"minecraft:packed_ice":5,"minecraft:chorus_plant":1,"minecraft:stone":289,"minecraft:white_wool":1,"nefdecomod:chain_45":1,"vampirism:cursed_earth":1,"quark:myalite":26,"minecraft:soul_sand":1,"minecraft:potted_lily_of_the_valley":1,"minecraft:basalt":4,"ba_bt:bt_land_spawner":1,"minecraft:smooth_sandstone":1,"minecraft:crafting_table":1,"minecraft:emerald_ore":10,"minecraft:lectern":2,"supplementaries:sack":3,"minecraft:tall_grass":4,"minecraft:polished_blackstone_brick_stairs":1,"minecraft:warped_wart_block":2,"minecraft:end_stone_brick_stairs":1,"forbidden_arcanus:xpetrified_ore":7,"minecraft:ice":1,"minecraft:birch_leaves":3,"minecraft:grass_path":1,"quark:deepslate":36,"astralsorcery:marble_raw":4,"minecraft:coal_ore":62,"quark:monster_box":1,"minecraft:cobweb":18,"minecraft:cracked_stone_bricks":10,"minecraft:stone_bricks":23,"minecraft:mossy_stone_bricks":10,"quark:root":1}},"DataVersion":2586}