{"stats":{"minecraft:killed":{"minecraft:cave_spider":6,"alexsmobs:raccoon":1,"minecraft:spider":8,"minecraft:skeleton":11,"vampirism:advanced_hunter":1,"minecraft:silverfish":16,"ars_nouveau:summon_wolf":2,"artifacts:mimic":1,"vampirism:hunter":1,"minecraft:zombie":11,"ars_nouveau:wilden_stalker":1,"minecraft:stray":2,"ars_nouveau:wilden_hunter":1,"minecraft:wither_skeleton":2},"minecraft:mined":{"minecraft:mossy_cobblestone":1,"minecraft:brewing_stand":1,"gravestone:gravestone":7,"minecraft:grass_block":5,"farmersdelight:tomatoes":2,"quark:potted_vine":1,"minecraft:chiseled_stone_bricks":1,"minecraft:spawner":24,"forbidden_arcanus:potted_mysterywood_sapling":1,"minecraft:carrots":1,"quark:violet_crystal":1,"quark:violet_crystal_cluster":1,"minecraft:anvil":1,"minecraft:nether_brick_stairs":1,"minecraft:gold_block":5,"minecraft:mossy_stone_brick_stairs":1,"minecraft:bookshelf":58,"minecraft:potatoes":1,"minecraft:vine":4,"minecraft:oak_stairs":1,"minecraft:iron_bars":44,"minecraft:green_carpet":1,"minecraft:stone":13,"minecraft:white_wool":1,"minecraft:quartz_block":11,"ba_bt:bt_land_spawner":1,"minecraft:torch":5,"minecraft:chest":1,"minecraft:lectern":1,"supplementaries:sack":3,"farmersdelight:cabbages":1,"minecraft:tall_grass":1,"minecraft:iron_door":2,"minecraft:wall_torch":2,"minecraft:lilac":1,"minecraft:birch_leaves":2,"minecraft:stone_brick_stairs":3,"minecraft:grass_path":1,"minecraft:grass":2,"minecraft:oak_log":93,"minecraft:coal_ore":61,"minecraft:loom":5,"minecraft:cobweb":1,"minecraft:cracked_stone_bricks":3,"minecraft:stone_bricks":13,"minecraft:netherrack":1,"minecraft:mossy_stone_bricks":4,"minecraft:oak_leaves":71},"minecraft:crafted":{"minecraft:oak_planks":8,"minecraft:air":284,"minecraft:stick":16},"minecraft:dropped":{"minecraft:bread":2,"minecraft:iron_sword":1,"minecraft:wheat_seeds":1,"minecraft:glass_bottle":1,"minecraft:iron_helmet":1,"minecraft:mutton":1,"forbidden_arcanus:spawner_scrap":3,"minecraft:bone_block":15,"gravestone:obituary":1,"minecraft:iron_pickaxe":1,"minecraft:chainmail_leggings":1,"minecraft:white_wool":1,"minecraft:iron_chestplate":1,"minecraft:leather_leggings":2,"minecraft:beef":3},"minecraft:picked_up":{"minecraft:iron_chestplate":2,"iceandfire:witherbone":4,"minecraft:anvil":1,"minecraft:flower_pot":2,"minecraft:leather_leggings":4,"minecraft:oak_stairs":2,"minecraft:gold_block":5,"minecraft:stone_brick_stairs":2,"gravestone:obituary":1,"minecraft:brewing_stand":1,"minecraft:shield":1,"vampirism:pure_salt_water":1,"forbidden_arcanus:mysterywood_sapling":1,"minecraft:string":32,"minecraft:iron_leggings":1,"minecraft:cracked_stone_bricks":3,"farmersdelight:cabbage":1,"minecraft:beef":6,"minecraft:lectern":1,"minecraft:chest":1,"farmersdelight:cabbage_seeds":2,"minecraft:iron_boots":1,"minecraft:egg":2,"minecraft:tipped_arrow":2,"minecraft:golden_helmet":1,"minecraft:stick":6,"minecraft:torch":48,"farmersdelight:tomato_seeds":2,"vampirism:holy_water_bottle_enhanced":2,"quark:violet_crystal_cluster":4,"vampirism:vampire_fang":1,"minecraft:vine":1,"minecraft:carrot":4,"minecraft:golden_chestplate":1,"minecraft:quartz_block":1,"vampirism:blood_bottle":1,"minecraft:arrow":19,"minecraft:rotten_flesh":30,"ars_nouveau:worn_notebook":1,"vampirism:hunter_coat_feet_ultimate":1,"artifacts:panic_necklace":1,"minecraft:mutton":2,"minecraft:iron_bars":43,"forbidden_arcanus:spawner_scrap":14,"minecraft:bone_block":15,"minecraft:white_wool":3,"minecraft:cobblestone":13,"minecraft:leather_chestplate":1,"vampirism:vampire_blood_bottle":2,"minecraft:feather":1,"minecraft:lilac":1,"minecraft:iron_door":2,"minecraft:leather":7,"minecraft:potato":5,"ars_nouveau:wilden_wing":1,"minecraft:oak_log":94,"minecraft:chainmail_chestplate":1,"minecraft:gunpowder":2,"schoolsofmagic:letter_ccw":4,"minecraft:paper":2,"farmersdelight:tomato":1,"minecraft:dirt":6,"minecraft:lantern":1,"minecraft:leather_boots":1,"minecraft:bone":30,"vampirism:human_heart":4,"minecraft:apple":1,"minecraft:stone_bricks":12,"minecraft:bow":2,"minecraft:wheat_seeds":1,"vampirism:item_garlic":1,"minecraft:mossy_stone_bricks":4,"minecraft:diamond_helmet":1,"minecraft:mossy_stone_brick_stairs":1,"minecraft:iron_sword":1,"minecraft:book":133,"minecraft:chiseled_stone_bricks":1,"supplementaries:sack":3,"minecraft:nether_brick_stairs":1,"guardscraft:crown":4,"minecraft:gold_ore":7,"minecraft:loom":5,"ars_nouveau:wilden_horn":3,"minecraft:green_carpet":1,"minecraft:spider_eye":15,"minecraft:mossy_cobblestone":1,"minecraft:diamond":2,"waystones:waystone":2,"minecraft:iron_helmet":3,"minecraft:oak_sapling":8,"minecraft:netherrack":1,"minecraft:coal":65,"minecraft:diamond_pickaxe":1},"minecraft:custom":{"minecraft:interact_with_smithing_table":1,"minecraft:mob_kills":130,"minecraft:interact_with_crafting_table":1,"minecraft:open_barrel":6,"minecraft:leave_game":2,"minecraft:time_since_death":56770,"minecraft:climb_one_cm":11107,"minecraft:sprint_one_cm":355537,"minecraft:walk_one_cm":933947,"minecraft:damage_blocked_by_shield":2345,"minecraft:drop":18,"minecraft:deaths":7,"minecraft:sneak_time":360,"minecraft:walk_under_water_one_cm":3129,"minecraft:jump":2690,"minecraft:walk_on_water_one_cm":12763,"minecraft:play_one_minute":188372,"minecraft:interact_with_loom":1,"minecraft:time_since_rest":56802,"minecraft:waystone_activated":6,"minecraft:open_enderchest":1,"minecraft:damage_taken":436640,"minecraft:damage_absorbed":312,"minecraft:damage_dealt":20813,"minecraft:swim_one_cm":2640,"minecraft:fly_one_cm":456602,"minecraft:open_chest":307,"minecraft:crouch_one_cm":19,"minecraft:fall_one_cm":80573},"minecraft:killed_by":{"minecraft:wither_skeleton":2,"minecraft:stray":1,"minecraft:spider":1,"ars_nouveau:wilden_stalker":1,"ars_nouveau:wilden_hunter":1,"minecraft:zombie":1},"minecraft:broken":{"minecraft:golden_helmet":1,"minecraft:iron_chestplate":1,"minecraft:chainmail_boots":1,"minecraft:iron_helmet":2,"minecraft:golden_chestplate":1},"minecraft:used":{"minecraft:iron_bars":1,"minecraft:stone_sword":65,"minecraft:chest":1,"minecraft:shield":60,"minecraft:iron_sword":65,"minecraft:rotten_flesh":3,"minecraft:torch":430,"minecraft:dirt":6,"minecraft:carrot":3,"minecraft:iron_axe":216,"minecraft:oak_stairs":1,"minecraft:stone_bricks":3,"minecraft:egg":3,"minecraft:cooked_beef":3,"supplementaries:sack":3,"vampirism:human_heart":1,"minecraft:gold_ore":7,"minecraft:cracked_stone_bricks":1,"minecraft:white_wool":1,"minecraft:golden_apple":12,"minecraft:mossy_cobblestone":1,"minecraft:oak_log":1,"waystones:waystone":2,"minecraft:diamond_pickaxe":185,"minecraft:bread":1,"minecraft:iron_pickaxe":14,"minecraft:iron_door":2,"minecraft:diamond_sword":145,"minecraft:cobblestone":13}},"DataVersion":2586}