{"stats":{"minecraft:mined":{"minecraft:grass_block":1,"minecraft:oak_log":4,"supplementaries:sack":2,"farmersdelight:tomatoes":1},"minecraft:killed":{"minecraft:skeleton":1,"minecraft:zombie":1,"artifacts:mimic":1},"minecraft:picked_up":{"minecraft:iron_leggings":1,"minecraft:rotten_flesh":4,"supplementaries:sack":2,"minecraft:torch":31,"ars_nouveau:worn_notebook":1,"minecraft:iron_helmet":1,"farmersdelight:tomato_seeds":1,"minecraft:oak_log":4,"artifacts:panic_necklace":1,"minecraft:dirt":1,"minecraft:bone":1},"minecraft:custom":{"minecraft:open_barrel":1,"minecraft:open_chest":7,"minecraft:time_since_rest":12599,"minecraft:waystone_activated":2,"minecraft:play_one_minute":12599,"minecraft:sprint_one_cm":1721,"minecraft:damage_taken":141,"minecraft:walk_one_cm":53515,"minecraft:mob_kills":4,"minecraft:jump":40,"minecraft:damage_dealt":696,"minecraft:time_since_death":12599,"minecraft:fall_one_cm":209,"minecraft:fly_one_cm":1563},"minecraft:used":{"minecraft:oak_log":1,"minecraft:torch":16,"supplementaries:sack":2,"minecraft:stone_sword":16,"minecraft:dirt":1,"minecraft:iron_axe":3,"minecraft:iron_pickaxe":1}},"DataVersion":2586}